{
"type": "FeatureCollection",
"name": "amphoe",
"features": [
{"type":"Feature","properties":{"id":4,"amphoe_e":"Dok Khamtai","province_t":"พะเยา","province_e":"Phayao","amp_code":5605.0,"prov_code":56.0,"area__km":723.0,"amphoe_t":"อำเภอดอกคำใต้","status_amp":2},"geometry":{"type":"Polygon","coordinates":[[[100.0075385,19.0636165],[100.0075694,19.0609708],[100.0077523,19.0557377],[100.0027474,19.0497669],[100.0011913,19.0483747],[100.0013974,19.041359],[100.0019769,19.0386629],[100.0050142,19.0264425],[100.0059448,19.0242664],[100.0067615,19.0220322],[100.01066,19.0086729],[100.0108663,19.0065482],[100.0108437,19.0037854],[100.0113321,18.9930382],[100.0117212,18.9907995],[100.0133081,18.9789123],[100.0155669,18.9769209],[100.0279267,18.9731838],[100.0313062,18.9728714],[100.0391498,18.9632284],[100.0416373,18.961929],[100.0439944,18.9620095],[100.0467946,18.9550785],[100.0465811,18.9522569],[100.0494656,18.9427985],[100.0461697,18.9308053],[100.0475808,18.9288635],[100.0482449,18.9182892],[100.0477492,18.9142583],[100.0357577,18.8989667],[100.0369269,18.8984738],[100.0373439,18.897842],[100.0373099,18.8972128],[100.0372422,18.8959829],[100.0376868,18.8949505],[100.0381896,18.8936316],[100.039338,18.8921947],[100.0403196,18.8905298],[100.0409186,18.8901831],[100.041493,18.8907235],[100.0424221,18.8902892],[100.0432416,18.8891402],[100.0442511,18.8871318],[100.0453537,18.8856093],[100.0476378,18.8855678],[100.0498637,18.8858413],[100.0506315,18.8860659],[100.0513784,18.8853464],[100.0518538,18.8844568],[100.0532324,18.8838196],[100.0548484,18.8826947],[100.0558935,18.8816015],[100.0578429,18.8809324],[100.0591606,18.8801811],[100.0605508,18.8790001],[100.0617112,18.8771339],[100.0624698,18.8758993],[100.0630325,18.87458],[100.0630523,18.8729492],[100.0642159,18.8715979],[100.0647767,18.8699925],[100.0653215,18.8682155],[100.0658853,18.8670679],[100.0678535,18.867028],[100.0695449,18.8659884],[100.0704886,18.8655252],[100.0703888,18.8640094],[100.0703088,18.8608628],[100.0701431,18.8584319],[100.069339,18.8572063],[100.0682805,18.8561538],[100.0682588,18.8550954],[100.0677715,18.8540682],[100.067372,18.8526686],[100.0669739,18.8514979],[100.067299,18.8506377],[100.0684351,18.8497157],[100.0689718,18.8490546],[100.0688063,18.8466523],[100.0688757,18.8457364],[100.0681208,18.8451685],[100.0664941,18.8445198],[100.0658597,18.8439798],[100.0654892,18.8424084],[100.0652421,18.8416727],[100.0643211,18.8406412],[100.0633208,18.8392451],[100.0630383,18.8373298],[100.0620673,18.835819],[100.061977,18.8334163],[100.0622036,18.831212],[100.062382,18.8309249],[100.0627118,18.8308086],[100.0633413,18.8305761],[100.0650505,18.8300227],[100.0663244,18.8295291],[100.0671312,18.8288378],[100.0668777,18.8267894],[100.0665027,18.8244641],[100.0661126,18.8221489],[100.0659249,18.820977],[100.0668809,18.8201132],[100.0666339,18.819056],[100.0665367,18.8179408],[100.0670411,18.8169366],[100.0683018,18.8167577],[100.0699272,18.8172347],[100.0718203,18.8172811],[100.0729332,18.817475],[100.0735384,18.8181581],[100.0736041,18.8190447],[100.0734641,18.8206476],[100.0744439,18.8214573],[100.075184,18.8218107],[100.0763859,18.8218324],[100.077395,18.8222271],[100.0778201,18.8229399],[100.0786326,18.8231355],[100.079503,18.8229874],[100.0800745,18.8230985],[100.0806224,18.8242111],[100.0812906,18.8253231],[100.0818321,18.8254343],[100.0834842,18.8253675],[100.0847466,18.825446],[100.0852715,18.8276459],[100.0861147,18.8279557],[100.0875111,18.8278332],[100.0885308,18.8275411],[100.0888863,18.8267666],[100.0887571,18.8253654],[100.0893219,18.824418],[100.0913,18.8236626],[100.0928567,18.8227952],[100.0948765,18.8215245],[100.0962058,18.8203845],[100.0968748,18.8192526],[100.0972277,18.8180775],[100.0974424,18.8164455],[100.0981562,18.8153255],[100.0996836,18.8145726],[100.1010308,18.8138494],[100.1024745,18.8140984],[100.1033487,18.814551],[100.1048501,18.8144277],[100.1062549,18.8133322],[100.1073896,18.8122669],[100.1085979,18.8109722],[100.1099458,18.8103634],[100.1105731,18.8098161],[100.1107458,18.8086707],[100.1113145,18.8083526],[100.1124283,18.8086893],[100.1132721,18.8090848],[100.1141728,18.8089936],[100.114835,18.8091899],[100.1159531,18.8101845],[100.1161124,18.8115569],[100.1160351,18.8135028],[100.1163217,18.8159615],[100.1167274,18.8182479],[100.117247,18.8195894],[100.1181374,18.8202135],[100.1196031,18.819232],[100.1212265,18.8193939],[100.1229985,18.8192974],[100.1236319,18.8196655],[100.12424,18.820749],[100.1249637,18.8211452],[100.1252926,18.8209143],[100.1254402,18.8205129],[100.1256428,18.8193673],[100.1263291,18.8186479],[100.1280689,18.8182368],[100.1289979,18.8178879],[100.1297573,18.816882],[100.1312613,18.8171589],[100.1324039,18.817295],[100.1339361,18.8172857],[100.1344497,18.8177118],[100.134757,18.8187398],[100.1353627,18.8194514],[100.1366306,18.8203592],[100.1381112,18.821609],[100.1385455,18.8236376],[100.1392122,18.8244918],[100.1399205,18.8248308],[100.1412715,18.8246795],[100.1435233,18.8244368],[100.145302,18.8253414],[100.1471916,18.8270749],[100.1492949,18.8270906],[100.1516178,18.8284781],[100.1537028,18.8302104],[100.1537067,18.8307826],[100.1532316,18.8316152],[100.1535091,18.8326434],[100.1542943,18.8332393],[100.1563737,18.834142],[100.1570924,18.8346109],[100.158104,18.8345317],[100.1591554,18.8344966],[100.1591574,18.8359583],[100.1595769,18.8430616],[100.1585543,18.8479951],[100.1561276,18.854932],[100.1562572,18.8591309],[100.1564634,18.8624685],[100.1562496,18.8656292],[100.1545176,18.8752174],[100.153587,18.8775082],[100.1516948,18.8795599],[100.1467585,18.8784236],[100.1426993,18.8799418],[100.139991,18.8789972],[100.1329185,18.8803699],[100.1315148,18.8821406],[100.1298054,18.8893123],[100.1295307,18.8917821],[100.1273639,18.8969392],[100.1226867,18.8994841],[100.1185288,18.9045651],[100.1134394,18.9117627],[100.1159038,18.9128198],[100.1200469,18.9145819],[100.1242732,18.9197952],[100.1186734,18.9243461],[100.1210456,18.933166],[100.1259284,18.938844],[100.1243109,18.9432579],[100.1228465,18.9447397],[100.120954,18.9520831],[100.1252189,18.9539617],[100.1285148,18.9565791],[100.1284153,18.9601412],[100.1272253,18.9635257],[100.1292242,18.9683175],[100.1298422,18.9726309],[100.1262407,18.9764526],[100.1183213,18.9772438],[100.1193204,18.9847854],[100.1203201,18.9874406],[100.1185878,18.9967969],[100.1118894,19.0017982],[100.1125145,19.0047358],[100.1102028,19.0121324],[100.1100503,19.0150046],[100.1134373,19.0248112],[100.1139027,19.0320036],[100.1157338,19.0358714],[100.1217229,19.0348908],[100.1238971,19.0403739],[100.1215242,19.0473079],[100.1216236,19.0495551],[100.1277731,19.0556442],[100.1281773,19.0627216],[100.1267578,19.0653553],[100.1236529,19.0681439],[100.1217607,19.069678],[100.1169233,19.0702111],[100.1156721,19.0741676],[100.1131009,19.0771357],[100.1091793,19.0816978],[100.111872,19.0898888],[100.1140236,19.0971522],[100.1133292,19.0995624],[100.1123371,19.1017958],[100.1117572,19.1104131],[100.1123373,19.1124902],[100.1144352,19.1199256],[100.1146259,19.1243545],[100.1147175,19.1271167],[100.1162813,19.1327639],[100.1173416,19.1355361],[100.1180057,19.1408883],[100.1177768,19.1455434],[100.1179292,19.1483165],[100.1178145,19.1522073],[100.1174254,19.1547895],[100.1172119,19.1582878],[100.1181501,19.1613431],[100.1212167,19.1682032],[100.1186684,19.1755336],[100.1205834,19.1831891],[100.1207363,19.1858335],[100.1174169,19.1914358],[100.1180272,19.1971271],[100.11834,19.2018963],[100.1159212,19.2079065],[100.1119232,19.2150536],[100.1109927,19.2178582],[100.1099318,19.2210114],[100.1088105,19.2239301],[100.1079482,19.2259323],[100.1078492,19.2294367],[100.1072158,19.232244],[100.1074671,19.2373592],[100.1073909,19.2394854],[100.1073069,19.2416659],[100.1075812,19.2499413],[100.1070705,19.2525197],[100.1069253,19.2549897],[100.104766,19.2595073],[100.1034689,19.2619661],[100.1003864,19.2684297],[100.0963122,19.2704083],[100.096228,19.2730496],[100.0975784,19.2768525],[100.1014087,19.2802744],[100.105666,19.2841004],[100.1043076,19.2923608],[100.1010651,19.3024421],[100.0976847,19.3023563],[100.0976519,19.3023624],[100.0950149,19.3028512],[100.0873014,19.3005457],[100.0746362,19.3042261],[100.0735224,19.3062839],[100.0739188,19.3088726],[100.0752004,19.3136542],[100.0740865,19.3160554],[100.0711339,19.321142],[100.0721943,19.3237359],[100.0758638,19.3256639],[100.0774129,19.3277443],[100.0791903,19.3316103],[100.0793427,19.3342502],[100.0762375,19.336121],[100.0703021,19.3375611],[100.0709353,19.3403269],[100.0716372,19.3423966],[100.0714994,19.3445231],[100.0688218,19.3460502],[100.0662196,19.3463726],[100.0583919,19.3491201],[100.0564385,19.3504236],[100.0552865,19.3570764],[100.0585593,19.3617019],[100.0588722,19.3662972],[100.0571326,19.3708796],[100.0578958,19.3734121],[100.0566595,19.3755857],[100.0534245,19.379002],[100.0520208,19.3855975],[100.052234,19.3885827],[100.0524475,19.3913443],[100.0531418,19.394164],[100.052936,19.3962322],[100.0515013,19.4008106],[100.0522645,19.4032323],[100.0560027,19.4097551],[100.0560411,19.4118241],[100.0562775,19.4181999],[100.0547285,19.4214055],[100.0540415,19.4235216],[100.0533223,19.4314652],[100.0517334,19.4316036],[100.051115,19.4328584],[100.0505272,19.4337377],[100.049809,19.4348679],[100.0492212,19.4357471],[100.0493893,19.4362466],[100.0504518,19.4373979],[100.0503247,19.4381493],[100.0501655,19.4390261],[100.0508632,19.4398353],[100.050605,19.4407126],[100.0495501,19.44075],[100.0487272,19.4409737],[100.0482073,19.4421654],[100.0476524,19.4430444],[100.0469933,19.4431108],[100.0462303,19.4423958],[100.0456804,19.4420393],[100.0451096,19.4424648],[100.0451042,19.4433937],[100.0446898,19.4438435],[100.0435703,19.4441002],[100.0421837,19.4438266],[100.0414818,19.4440946],[100.0404087,19.4447127],[100.0394858,19.4447805],[100.0387604,19.4447847],[100.0385536,19.4433783],[100.0381856,19.4425358],[100.0371284,19.4422291],[100.0365393,19.4429206],[100.0358133,19.4428309],[100.0347224,19.4423992],[100.0340644,19.4426219],[100.0329822,19.4435665],[100.0321925,19.4436668],[100.0312647,19.4430876],[100.0308408,19.442479],[100.0308656,19.4419741],[100.0319829,19.4415162],[100.0318945,19.440826],[100.0309095,19.4400612],[100.0290571,19.4394075],[100.0274551,19.4384868],[100.027255,19.4378238],[100.0275278,19.4366799],[100.0271059,19.4363901],[100.0259037,19.4366891],[100.023764,19.4370997],[100.0219983,19.4368706],[100.0202044,19.4365884],[100.017962,19.4362557],[100.0177422,19.436921],[100.0178049,19.4380099],[100.0169955,19.4384395],[100.0159327,19.4386579],[100.0141223,19.4379774],[100.0129496,19.4385418],[100.0115261,19.4392936],[100.0104055,19.4392201],[100.0095618,19.4386404],[100.0087713,19.4376087],[100.0086594,19.4353512],[100.0085662,19.4338641],[100.009455,19.4329287],[100.0099348,19.4318299],[100.0104781,19.4305859],[100.0114002,19.4298477],[100.0127945,19.4293244],[100.0130135,19.4285262],[100.0124779,19.4279447],[100.011519,19.4268343],[100.010562,19.4260427],[100.00992,19.426365],[100.0093306,19.4279919],[100.0080484,19.4293774],[100.0067915,19.4298891],[100.0054172,19.4295248],[100.0037555,19.430351],[100.0055178,19.4248766],[100.0067919,19.4189125],[100.0022146,19.417492],[99.9991853,19.417581],[99.9945011,19.4202972],[99.9933184,19.4181576],[99.9933719,19.4130473],[99.9931046,19.4094252],[99.9945999,19.4058206],[99.9943484,19.4010509],[99.9938829,19.3990948],[99.9957447,19.3946885],[99.9997427,19.3944384],[100.0040382,19.3943605],[100.0072121,19.3916298],[100.0104088,19.3918335],[100.0100733,19.3893617],[100.0118588,19.3866748],[100.0096538,19.383382],[100.0037942,19.3831004],[100.0002544,19.3807705],[100.0022835,19.3772284],[100.0002618,19.3742802],[100.0005366,19.371238],[99.997363,19.3683954],[99.9971111,19.3635669],[99.9984694,19.3609954],[100.0007276,19.3586584],[100.0001022,19.3554359],[100.0006823,19.3517098],[100.0001783,19.3481997],[100.003154,19.3468482],[100.0066714,19.3458439],[100.0062748,19.3432572],[100.0063051,19.3404422],[100.0089758,19.3339191],[100.009792,19.3258836],[100.0110814,19.3238862],[100.0119057,19.3202739],[100.0118755,19.3172853],[100.0141487,19.3140332],[100.0165749,19.3130189],[100.0193065,19.3122401],[100.0217938,19.3111147],[100.0228465,19.3091705],[100.0234186,19.3064768],[100.0244717,19.3037284],[100.023045,19.3015903],[100.017491,19.2955105],[100.0157819,19.2912436],[100.0154161,19.2864135],[100.0167664,19.2844157],[100.0184833,19.2820793],[100.0129898,19.2811655],[100.0121356,19.276677],[100.0098696,19.2733845],[100.0129518,19.2620946],[100.0122579,19.2595027],[100.0077108,19.2499267],[100.0071309,19.2475669],[100.0051472,19.2408299],[100.0039574,19.2389795],[99.9965874,19.2336837],[99.9945199,19.2291271],[99.994634,19.2240751],[99.991529,19.2210602],[99.991201,19.2173232],[99.9878213,19.2174612],[99.9808022,19.2131501],[99.9780707,19.2138108],[99.9752552,19.211718],[99.9726535,19.2122108],[99.9737676,19.2095798],[99.9709597,19.2071413],[99.9651613,19.2066862],[99.9639102,19.2050097],[99.9649937,19.2003638],[99.9656196,19.1984176],[99.9618886,19.1971767],[99.9588981,19.1944497],[99.9553349,19.1944457],[99.9528704,19.1928116],[99.9484605,19.1926515],[99.9472169,19.1905705],[99.9418537,19.1890777],[99.941541,19.1799885],[99.9370624,19.1759201],[99.9357272,19.1712483],[99.9348197,19.1660071],[99.93028,19.1665385],[99.9241991,19.1650398],[99.9204915,19.1614912],[99.9280369,19.1577143],[99.9299903,19.1557819],[99.9412743,19.1475554],[99.9429838,19.1462498],[99.9518798,19.1399552],[99.9534819,19.1376719],[99.9622484,19.1272342],[99.9642627,19.1254706],[99.9728691,19.1186546],[99.9745781,19.1169467],[99.9780803,19.1124392],[99.9809184,19.1074608],[99.9828333,19.1041455],[99.9836578,19.1003005],[99.9864042,19.0931402],[99.9869154,19.0911901],[99.9930598,19.0815803],[99.9931262,19.0814763],[99.9973457,19.0725435],[100.0005879,19.0691824],[100.0035558,19.0683485],[100.0075385,19.0636165]]]}},
{"type":"Feature","properties":{"id":6,"amphoe_e":"Mueang Phayao","province_t":"พะเยา","province_e":"Phayao","amp_code":5601.0,"prov_code":56.0,"area__km":908.0,"amphoe_t":"อำเภอเมือง","status_amp":4},"geometry":{"type":"MultiPolygon","coordinates":[[[[99.7571829,19.123],[99.7571746,19.1229966],[99.7571745,19.1229635],[99.7571829,19.123]]],[[[99.7033529,19.2532003],[99.7037237,19.252508],[99.7041855,19.2518347],[99.704869,19.2510261],[99.7056338,19.2503324],[99.705759,19.2489119],[99.7055111,19.2476272],[99.7049422,19.2468811],[99.7036227,19.2454086],[99.7036278,19.2442381],[99.7045305,19.2427187],[99.7048916,19.2421225],[99.705109,19.2409895],[99.7055003,19.240374],[99.7064885,19.2399672],[99.7079795,19.2390404],[99.7088055,19.2385191],[99.710159,19.2382449],[99.7109638,19.237724],[99.7111236,19.2373012],[99.7107854,19.2361704],[99.7107554,19.2339062],[99.7106981,19.232333],[99.7103107,19.2314902],[99.7104063,19.2302425],[99.7110496,19.2294534],[99.7111552,19.2282248],[99.7112317,19.2272267],[99.7115299,19.2261126],[99.7121012,19.2250742],[99.7124987,19.2245171],[99.7136891,19.2232451],[99.7149737,19.2213404],[99.7153212,19.2199383],[99.7153927,19.2178081],[99.7155498,19.2165231],[99.7157589,19.2160604],[99.7157712,19.2142375],[99.7154469,19.2139893],[99.7148678,19.2131856],[99.7142997,19.2126122],[99.7143152,19.2115184],[99.7181401,19.2085483],[99.7195101,19.2054152],[99.7199377,19.2038976],[99.719891,19.2024395],[99.7204512,19.2012092],[99.7213558,19.200227],[99.7219477,19.1993228],[99.7220128,19.1980561],[99.721603,19.1966953],[99.7220204,19.1951586],[99.7219595,19.1927794],[99.7239503,19.1907951],[99.7253062,19.1891012],[99.7268192,19.1864087],[99.727259,19.18539],[99.7274248,19.1840653],[99.7279644,19.1827583],[99.7288889,19.1817377],[99.7289947,19.1805476],[99.7285697,19.179376],[99.7283493,19.1784394],[99.7281991,19.1764251],[99.7279728,19.1754858],[99.727464,19.1745859],[99.7271373,19.1737621],[99.7267985,19.1724778],[99.7264902,19.1712701],[99.7261431,19.1703888],[99.7261196,19.1696405],[99.7267448,19.1694462],[99.7280382,19.1696713],[99.7293303,19.1696086],[99.7304765,19.1685103],[99.7314109,19.1674704],[99.7328402,19.1664669],[99.7334734,19.1658119],[99.7334671,19.164392],[99.7336859,19.1636236],[99.7340256,19.1628163],[99.73488,19.1619686],[99.7354433,19.1614866],[99.7366309,19.1606375],[99.7378383,19.1597116],[99.7385818,19.1588835],[99.7390688,19.1581751],[99.7395311,19.1566922],[99.7402101,19.1550008],[99.7411708,19.1530781],[99.7412133,19.1512934],[99.741312,19.1485298],[99.7417613,19.147415],[99.7420381,19.1461091],[99.7425537,19.1439962],[99.7442504,19.141917],[99.7458217,19.1411239],[99.7483496,19.1397896],[99.7492555,19.139191],[99.749778,19.1386516],[99.7505014,19.1379003],[99.7515287,19.137378],[99.753706,19.1366591],[99.7543487,19.1359273],[99.7555674,19.1353275],[99.7574222,19.1347442],[99.7583848,19.1333202],[99.7587828,19.1298454],[99.7585613,19.1277548],[99.7580706,19.1263944],[99.7577019,19.1252446],[99.7571829,19.123],[99.7570765,19.1205202],[99.7573018,19.1184883],[99.7594459,19.1163164],[99.7599888,19.115373],[99.7600866,19.1139691],[99.7602743,19.1132418],[99.7610576,19.1117029],[99.7608595,19.1101517],[99.7612259,19.1086145],[99.7620668,19.106382],[99.7619966,19.1043183],[99.7624699,19.1033751],[99.7632311,19.1027115],[99.7637139,19.1019334],[99.7639152,19.100364],[99.7639,19.0989605],[99.7638598,19.0977553],[99.7646706,19.0965631],[99.7646544,19.0949285],[99.7637528,19.0933801],[99.7631758,19.0925239],[99.7631106,19.0915665],[99.7631916,19.0902947],[99.7639157,19.0891194],[99.7643638,19.0883745],[99.7649003,19.087943],[99.7652284,19.0875453],[99.7651645,19.0868686],[99.7649897,19.0866216],[99.7648125,19.0858628],[99.7650478,19.0841446],[99.7657978,19.0829526],[99.7669045,19.0818913],[99.7673546,19.0815922],[99.7677499,19.0806824],[99.7685147,19.0789455],[99.7687333,19.0773924],[99.7698272,19.0773383],[99.7710261,19.0774654],[99.7718074,19.0774126],[99.7723779,19.0768653],[99.7731232,19.076532],[99.7740165,19.0762971],[99.7737974,19.0740028],[99.7733712,19.0700913],[99.7726761,19.0681293],[99.7726868,19.0666927],[99.77319,19.0647257],[99.7734824,19.06413],[99.7756824,19.0629485],[99.7773107,19.0620995],[99.7787562,19.0611192],[99.7801626,19.0610802],[99.7813408,19.0605304],[99.7817101,19.0596702],[99.7817338,19.0573089],[99.7824856,19.0565461],[99.7833775,19.0560305],[99.7853812,19.0556257],[99.7872222,19.0557004],[99.7890275,19.0555771],[99.7913171,19.0550389],[99.7924012,19.0547866],[99.793576,19.0535432],[99.7949114,19.0531907],[99.7960946,19.0536974],[99.7974544,19.0548309],[99.7986313,19.055833],[99.7990664,19.0560293],[99.7995184,19.0561429],[99.8008213,19.0562528],[99.8021065,19.0562968],[99.8037964,19.0574453],[99.8050245,19.058249],[99.8058588,19.058427],[99.8068132,19.0582742],[99.8076445,19.0578247],[99.8080424,19.0575258],[99.8087566,19.057985],[99.8094091,19.0582463],[99.8107288,19.058257],[99.81184,19.0582191],[99.8126221,19.0583643],[99.8135622,19.0588555],[99.8139296,19.0594153],[99.8147845,19.0602371],[99.8152214,19.0608131],[99.8152957,19.061787],[99.8156451,19.0622147],[99.8161579,19.062328],[99.8169393,19.0623246],[99.8186371,19.061508],[99.8198658,19.0606439],[99.8200351,19.059768],[99.8199594,19.058497],[99.820223,19.057373],[99.8202729,19.0551602],[99.8202853,19.0541364],[99.820721,19.0526979],[99.821201,19.0514409],[99.8207118,19.0508322],[99.8203982,19.0506189],[99.820638,19.0499574],[99.8209833,19.049543],[99.8209879,19.0487174],[99.8206006,19.0476459],[99.8203724,19.047135],[99.8202888,19.0460291],[99.8209257,19.044887],[99.8219814,19.0441888],[99.8227305,19.0429305],[99.8245684,19.0424105],[99.8261969,19.0416767],[99.8275666,19.0412743],[99.8281895,19.0408422],[99.8283618,19.0405607],[99.8303498,19.0405683],[99.8321558,19.0406097],[99.8326583,19.0404093],[99.8327766,19.0397483],[99.8324259,19.0390564],[99.831977,19.0378365],[99.8311056,19.03718],[99.8306687,19.036604],[99.8308062,19.0363227],[99.8311523,19.03609],[99.831045,19.035463],[99.8304912,19.0340785],[99.8296494,19.0323816],[99.8294461,19.0316395],[99.8301187,19.0307448],[99.8309142,19.0301138],[99.8319689,19.0292339],[99.8335701,19.028269],[99.8348853,19.027421],[99.8347582,19.0262988],[99.8343623,19.0252438],[99.8340086,19.0239575],[99.8336065,19.0233979],[99.8328925,19.0229553],[99.8326305,19.0226262],[99.8326686,19.0215693],[99.8330459,19.0206264],[99.8334932,19.0198153],[99.8338433,19.0186579],[99.8335947,19.0175363],[99.8328414,19.0161857],[99.8312641,19.0149379],[99.8296772,19.013492],[99.8292569,19.0127508],[99.8293291,19.0115617],[99.8299451,19.0097591],[99.8308241,19.0084837],[99.8334101,19.0066228],[99.8354526,19.0054412],[99.8369534,19.0035521],[99.8380544,19.0015657],[99.8385015,19.0007051],[99.8387061,18.9999776],[99.8390952,18.9996786],[99.8396253,19.0000292],[99.8402647,19.0009778],[99.8409964,19.0014863],[99.8421462,19.0023232],[99.8444934,19.0036266],[99.8450877,19.0038619],[99.8457646,19.0038423],[99.8471244,19.0032746],[99.8478868,19.003007],[99.850525,19.0029453],[99.8548017,19.0024963],[99.8561503,19.0014333],[99.8580695,18.9999549],[99.8580957,18.9999878],[99.8602805,18.9995153],[99.861146,18.9990489],[99.8617551,18.9993598],[99.8627237,18.9993913],[99.8635158,18.9991205],[99.8648322,18.9985694],[99.8663037,18.997803],[99.8676211,18.9974501],[99.8682278,18.9972821],[99.869043,18.9971627],[99.8702305,18.9968764],[99.8712193,18.9967562],[99.8722428,18.9966358],[99.8733891,18.9967625],[99.8743987,18.9973026],[99.8753408,18.9982063],[99.8760214,18.9988966],[99.8768755,18.999586],[99.8782589,19.0002234],[99.8795088,19.000234],[99.8806022,19.0002123],[99.8818537,19.00052],[99.8828231,19.00002],[99.8835395,18.9992736],[99.8834074,18.9972598],[99.8834882,18.9961201],[99.8839769,18.994995],[99.8846836,18.9940504],[99.8859827,18.9935324],[99.8871084,18.9930481],[99.8878402,18.9919218],[99.888196,18.9902855],[99.8883753,18.9897232],[99.888719,18.9890776],[99.8891669,18.988448],[99.8895479,18.9882811],[99.8906598,18.9884739],[99.8920341,18.9890452],[99.8931458,18.9892049],[99.8944034,18.9890667],[99.8955964,18.9881859],[99.89738,18.9874012],[99.8990347,18.9868648],[99.9016136,18.9864279],[99.9027024,18.9857115],[99.9042461,18.9840628],[99.905793,18.9830159],[99.9072881,18.9830086],[99.9086726,18.9838223],[99.9094317,18.985952],[99.9099027,18.9879738],[99.9111115,18.9881866],[99.9124874,18.987414],[99.9136247,18.9850561],[99.9148787,18.9830259],[99.9172317,18.9821937],[99.9199301,18.9814145],[99.921936,18.980201],[99.9229106,18.9796491],[99.9257853,18.9795801],[99.9264729,18.979139],[99.9268121,18.9780979],[99.9277218,18.9762334],[99.9285159,18.9742601],[99.9292546,18.97267],[99.9299406,18.9722499],[99.9301624,18.9704773],[99.9314253,18.970088],[99.9330927,18.9700796],[99.9342919,18.9685966],[99.9352844,18.9661299],[99.9363655,18.9641004],[99.9383075,18.961793],[99.9401937,18.9598141],[99.9408977,18.9571848],[99.9407363,18.955298],[99.940993,18.9536833],[99.9426502,18.9518696],[99.943503,18.9501695],[99.944009,18.9481429],[99.9450927,18.9466056],[99.9452167,18.943104],[99.9456711,18.942117],[99.947166,18.9421641],[99.948543,18.9416647],[99.9499183,18.9408918],[99.9511212,18.9401198],[99.9532361,18.9379755],[99.9540656,18.9372601],[99.9539991,18.935674],[99.9551401,18.9341364],[99.9572621,18.9332502],[99.9594013,18.9322833],[99.9609264,18.9306602],[99.9626415,18.9290102],[99.9652781,18.9276836],[99.9677742,18.9269048],[99.9686152,18.9258895],[99.9695441,18.9248168],[99.9707383,18.9225677],[99.9729146,18.9211888],[99.9743996,18.9195399],[99.976176,18.9186006],[99.977668,18.9181551],[99.9789992,18.9197345],[99.9809228,18.9193961],[99.9829774,18.9168689],[99.9856667,18.9147759],[99.986638,18.9137861],[99.9893375,18.9134435],[99.9905307,18.9110849],[99.9921326,18.9098182],[99.9934455,18.9082795],[99.9951639,18.9072856],[99.9966482,18.9055819],[99.9980266,18.9054103],[99.9998742,18.9068227],[100.0008676,18.9068974],[100.0020605,18.9071938],[100.0025898,18.9073721],[100.0029801,18.9071889],[100.0038685,18.9065816],[100.0064279,18.9053463],[100.0070798,18.9050201],[100.0090165,18.9049404],[100.0104598,18.9033423],[100.0114144,18.9010094],[100.0119101,18.8996702],[100.0139765,18.8984001],[100.0157149,18.8975609],[100.0167584,18.8961533],[100.0178716,18.8963189],[100.020095,18.8961637],[100.0222282,18.8960089],[100.0233723,18.8963173],[100.0243381,18.89697],[100.0247925,18.8975397],[100.0253375,18.8981947],[100.0264806,18.8983315],[100.0275934,18.8984398],[100.0287133,18.8996924],[100.0310231,18.9013676],[100.0325017,18.9023035],[100.0335838,18.9022975],[100.03469,18.9013186],[100.0354358,18.900399],[100.0357577,18.8989667],[100.0477492,18.9142583],[100.0482449,18.9182892],[100.0475808,18.9288635],[100.0461697,18.9308053],[100.0494656,18.9427985],[100.0465811,18.9522569],[100.0467946,18.9550785],[100.0439944,18.9620095],[100.0416373,18.961929],[100.0391498,18.9632284],[100.0313062,18.9728714],[100.0279267,18.9731838],[100.0155669,18.9769209],[100.0133081,18.9789123],[100.0117212,18.9907995],[100.0113321,18.9930382],[100.0108437,19.0037854],[100.0108663,19.0065482],[100.01066,19.0086729],[100.0067615,19.0220322],[100.0059448,19.0242664],[100.0050142,19.0264425],[100.0019769,19.0386629],[100.0013974,19.041359],[100.0011913,19.0483747],[100.0027474,19.0497669],[100.0077523,19.0557377],[100.0075694,19.0609708],[100.0075385,19.0636165],[100.0035558,19.0683485],[100.0005879,19.0691824],[99.9973457,19.0725435],[99.9931262,19.0814763],[99.9930598,19.0815803],[99.9869154,19.0911901],[99.9864042,19.0931402],[99.9836578,19.1003005],[99.9828333,19.1041455],[99.9809184,19.1074608],[99.9780803,19.1124392],[99.9745781,19.1169467],[99.9728691,19.1186546],[99.9642627,19.1254706],[99.9622484,19.1272342],[99.9534819,19.1376719],[99.9518798,19.1399552],[99.9429838,19.1462498],[99.9412743,19.1475554],[99.9299903,19.1557819],[99.9280369,19.1577143],[99.9204915,19.1614912],[99.9241991,19.1650398],[99.93028,19.1665385],[99.9348197,19.1660071],[99.9357272,19.1712483],[99.9370624,19.1759201],[99.941541,19.1799885],[99.9418537,19.1890777],[99.9472169,19.1905705],[99.9484605,19.1926515],[99.9528704,19.1928116],[99.9553349,19.1944457],[99.9549381,19.196856],[99.9537705,19.2034565],[99.9513976,19.2097018],[99.9462784,19.2130447],[99.9412352,19.2201824],[99.930355,19.2300223],[99.925762,19.2396943],[99.9208792,19.2432681],[99.9198797,19.2458463],[99.9163063,19.2522844],[99.9162936,19.2523073],[99.9157897,19.2565412],[99.916957,19.2601703],[99.9172317,19.2623015],[99.9194439,19.2700754],[99.9209853,19.272503],[99.9228089,19.2767703],[99.9261577,19.2851889],[99.9266767,19.287782],[99.9276986,19.3040448],[99.9277977,19.3062288],[99.9276758,19.3120309],[99.928347,19.3219743],[99.9298422,19.3338813],[99.9298192,19.3362331],[99.9303678,19.3520938],[99.9304522,19.3555408],[99.9292006,19.3753482],[99.9288646,19.3783319],[99.9283535,19.3803361],[99.9277276,19.3826887],[99.9266593,19.3857214],[99.9214117,19.4069162],[99.9196873,19.4123724],[99.908173,19.4003655],[99.9085087,19.3972643],[99.9068682,19.3929441],[99.904877,19.3921181],[99.901215,19.3903042],[99.8986589,19.3912001],[99.8941728,19.3867899],[99.8927311,19.38086],[99.8946611,19.3761674],[99.8873978,19.3769597],[99.8887868,19.3718022],[99.8929524,19.367076],[99.8951118,19.3630193],[99.8933114,19.3565084],[99.8912285,19.3536156],[99.8848425,19.3462029],[99.8812261,19.3507635],[99.871262,19.3547446],[99.8684927,19.3485701],[99.8687747,19.3451845],[99.8689276,19.3372],[99.8679967,19.3342066],[99.867295,19.3322445],[99.865174,19.3272844],[99.8598336,19.3241875],[99.8544774,19.322123],[99.8482366,19.32304],[99.8418892,19.3182664],[99.8385622,19.318232],[99.8365482,19.319477],[99.8327108,19.3223683],[99.8308183,19.3237821],[99.8257296,19.3198291],[99.8250964,19.3169492],[99.831139,19.3121279],[99.8312231,19.3100581],[99.8223422,19.3096262],[99.8135223,19.304194],[99.8116151,19.3015321],[99.8068468,19.296086],[99.7970733,19.2944346],[99.7941666,19.2949804],[99.7918164,19.2946088],[99.7891617,19.2941255],[99.7865677,19.2936375],[99.7776032,19.2901583],[99.775619,19.2896765],[99.7667536,19.2930914],[99.7648612,19.2944481],[99.7590553,19.2996752],[99.7570489,19.3003433],[99.7550495,19.3008395],[99.7468022,19.3031643],[99.7449556,19.3055011],[99.7431171,19.3075509],[99.7320156,19.3156475],[99.730017,19.3163762],[99.7171079,19.318594],[99.7151242,19.3179986],[99.7132546,19.317231],[99.7015151,19.3174508],[99.7011888,19.3167805],[99.7010236,19.3159368],[99.7011072,19.3142287],[99.7007558,19.3123879],[99.7004286,19.3115065],[99.6995618,19.3096677],[99.6992118,19.3081532],[99.698379,19.3071778],[99.6980027,19.3066035],[99.6982769,19.3045301],[99.6982286,19.3026882],[99.6993649,19.301379],[99.7006174,19.3012399],[99.7006316,19.2998391],[99.7016794,19.2991059],[99.7026727,19.2974519],[99.7028099,19.2964535],[99.7026224,19.2951302],[99.7026357,19.2911581],[99.7024773,19.2895469],[99.7027916,19.2874158],[99.7031186,19.2859178],[99.7029915,19.2845367],[99.7036879,19.2820011],[99.7041565,19.280541],[99.7051378,19.2784356],[99.7052228,19.2770637],[99.7053453,19.2759621],[99.705421,19.2738201],[99.7044828,19.2717705],[99.7037934,19.2688565],[99.7038075,19.2674173],[99.7034676,19.2658835],[99.7034208,19.2644062],[99.7041636,19.2632712],[99.704532,19.2620033],[99.7045226,19.2598159],[99.7044135,19.2579166],[99.7038536,19.2569209],[99.7029192,19.255754],[99.7026126,19.2549109],[99.7030118,19.253758],[99.7033529,19.2532003]]]]}},
{"type":"Feature","properties":{"id":7,"amphoe_e":"Phu Kham Yao","province_t":"พะเยา","province_e":"Phayao","amp_code":5609.0,"prov_code":56.0,"area__km":199.0,"amphoe_t":"อำเภอภูกามยาว","status_amp":1},"geometry":{"type":"Polygon","coordinates":[[[100.0037555,19.430351],[100.0031263,19.4303875],[100.0026805,19.4307619],[100.0019559,19.4313238],[100.0011452,19.4315408],[100.0010916,19.4319396],[100.0015427,19.4324419],[100.0013917,19.4329209],[100.0008352,19.4335084],[100.0006169,19.4344394],[99.999948,19.4346303],[99.9987754,19.4355387],[99.9978233,19.435544],[99.9969258,19.4353098],[99.9961398,19.4349953],[99.9955453,19.433936],[99.9959876,19.4330037],[99.9973855,19.4326241],[99.9976604,19.4317991],[99.9969266,19.4308468],[99.9959442,19.4304802],[99.9948784,19.4301938],[99.9938126,19.4299075],[99.9920725,19.4292528],[99.9912331,19.4293637],[99.9907554,19.4291006],[99.990309,19.4293687],[99.9906228,19.4303234],[99.9903319,19.4308297],[99.9899436,19.4314428],[99.9890758,19.4315007],[99.988547,19.4320349],[99.9875153,19.4327578],[99.9863387,19.4326845],[99.9851057,19.4325318],[99.982915,19.4317643],[99.9799213,19.4295579],[99.9769791,19.4292284],[99.9751576,19.4289991],[99.9739475,19.4279961],[99.972912,19.4280814],[99.9714005,19.4281957],[99.9706769,19.4289434],[99.9698438,19.4296544],[99.9686073,19.4293795],[99.9672356,19.42944],[99.9652478,19.4295037],[99.9638411,19.4283954],[99.9628873,19.4281082],[99.9609216,19.4285712],[99.9567873,19.429426],[99.9549762,19.4286772],[99.9537245,19.4284175],[99.9520287,19.4285474],[99.9504739,19.4287976],[99.9492243,19.4288768],[99.9480995,19.4284954],[99.9470249,19.4279685],[99.9459015,19.4278291],[99.9446729,19.4271336],[99.9444132,19.4263362],[99.9444257,19.4240852],[99.9441642,19.4229732],[99.9428882,19.4207046],[99.9420659,19.4196681],[99.9411454,19.4193098],[99.9399442,19.4189288],[99.9385882,19.4187906],[99.937249,19.4188277],[99.9364816,19.4184686],[99.9353354,19.4187771],[99.9350136,19.4182644],[99.9345602,19.4170565],[99.9334728,19.4164873],[99.9318139,19.4163748],[99.9300898,19.4159903],[99.9290029,19.4155118],[99.9279454,19.4146095],[99.9279725,19.4137622],[99.9271067,19.4131609],[99.9269336,19.411432],[99.9260577,19.410507],[99.9251276,19.409634],[99.9238478,19.4094856],[99.9238142,19.4083498],[99.9236197,19.4076279],[99.9225555,19.4070911],[99.9214117,19.4069162],[99.9266593,19.3857214],[99.9277276,19.3826887],[99.9283535,19.3803361],[99.9288646,19.3783319],[99.9292006,19.3753482],[99.9304522,19.3555408],[99.9303678,19.3520938],[99.9298192,19.3362331],[99.9298422,19.3338813],[99.928347,19.3219743],[99.9276758,19.3120309],[99.9277977,19.3062288],[99.9276986,19.3040448],[99.9266767,19.287782],[99.9261577,19.2851889],[99.9228089,19.2767703],[99.9209853,19.272503],[99.9194439,19.2700754],[99.9172317,19.2623015],[99.916957,19.2601703],[99.9157897,19.2565412],[99.9162936,19.2523073],[99.9163063,19.2522844],[99.9198797,19.2458463],[99.9208792,19.2432681],[99.925762,19.2396943],[99.930355,19.2300223],[99.9412352,19.2201824],[99.9462784,19.2130447],[99.9513976,19.2097018],[99.9537705,19.2034565],[99.9549381,19.196856],[99.9553349,19.1944457],[99.9588981,19.1944497],[99.9618886,19.1971767],[99.9656196,19.1984176],[99.9649937,19.2003638],[99.9639102,19.2050097],[99.9651613,19.2066862],[99.9709597,19.2071413],[99.9737676,19.2095798],[99.9726535,19.2122108],[99.9752552,19.211718],[99.9780707,19.2138108],[99.9808022,19.2131501],[99.9878213,19.2174612],[99.991201,19.2173232],[99.991529,19.2210602],[99.994634,19.2240751],[99.9945199,19.2291271],[99.9965874,19.2336837],[100.0039574,19.2389795],[100.0051472,19.2408299],[100.0071309,19.2475669],[100.0077108,19.2499267],[100.0122579,19.2595027],[100.0129518,19.2620946],[100.0098696,19.2733845],[100.0121356,19.276677],[100.0129898,19.2811655],[100.0184833,19.2820793],[100.0167664,19.2844157],[100.0154161,19.2864135],[100.0157819,19.2912436],[100.017491,19.2955105],[100.023045,19.3015903],[100.0244717,19.3037284],[100.0234186,19.3064768],[100.0228465,19.3091705],[100.0217938,19.3111147],[100.0193065,19.3122401],[100.0165749,19.3130189],[100.0141487,19.3140332],[100.0118755,19.3172853],[100.0119057,19.3202739],[100.0110814,19.3238862],[100.009792,19.3258836],[100.0089758,19.3339191],[100.0063051,19.3404422],[100.0062748,19.3432572],[100.0066714,19.3458439],[100.003154,19.3468482],[100.0001783,19.3481997],[100.0006823,19.3517098],[100.0001022,19.3554359],[100.0007276,19.3586584],[99.9984694,19.3609954],[99.9971111,19.3635669],[99.997363,19.3683954],[100.0005366,19.371238],[100.0002618,19.3742802],[100.0022835,19.3772284],[100.0002544,19.3807705],[100.0037942,19.3831004],[100.0096538,19.383382],[100.0118588,19.3866748],[100.0100733,19.3893617],[100.0104088,19.3918335],[100.0072121,19.3916298],[100.0040382,19.3943605],[99.9997427,19.3944384],[99.9957447,19.3946885],[99.9938829,19.3990948],[99.9943484,19.4010509],[99.9945999,19.4058206],[99.9931046,19.4094252],[99.9933719,19.4130473],[99.9933184,19.4181576],[99.9945011,19.4202972],[99.9991853,19.417581],[100.0022146,19.417492],[100.0067919,19.4189125],[100.0055178,19.4248766],[100.0037555,19.430351]]]}},
{"type":"Feature","properties":{"id":8,"amphoe_e":"Phu Sang","province_t":"พะเยา","province_e":"Phayao","amp_code":5608.0,"prov_code":56.0,"area__km":302.0,"amphoe_t":"อำเภอภูซาง","status_amp":2},"geometry":{"type":"Polygon","coordinates":[[[100.3010364,19.6478264],[100.2973364,19.6473427],[100.2914232,19.6436722],[100.2903064,19.6431532],[100.2892402,19.6431608],[100.287438,19.6438765],[100.2857976,19.644547],[100.2851939,19.6444196],[100.2839367,19.6437258],[100.2831037,19.6439075],[100.2823209,19.6445719],[100.2814495,19.6457639],[100.2807169,19.6469111],[100.2804496,19.6482746],[100.280415,19.6497682],[100.2807974,19.6512149],[100.2806639,19.6519185],[100.2796907,19.6519694],[100.2785255,19.6511871],[100.2760204,19.6509853],[100.275131,19.6498936],[100.2740997,19.6484515],[100.27432,19.6470005],[100.2739429,19.6462126],[100.2727324,19.6455623],[100.2714345,19.6455715],[100.270837,19.6462345],[100.270425,19.6468963],[100.2692439,19.6470364],[100.268543,19.6463386],[100.2683493,19.6452858],[100.269035,19.6440512],[100.2695813,19.6427736],[100.2691111,19.6419424],[100.2682743,19.6416409],[100.2669812,19.6422649],[100.2670376,19.6435382],[100.2669126,19.6453399],[100.2659505,19.6467961],[100.2648455,19.6477701],[100.2637388,19.6485246],[100.2613766,19.6488047],[100.2606325,19.6485024],[100.2603018,19.6477142],[100.2613093,19.6461259],[100.2609793,19.6454255],[100.259727,19.6453464],[100.25843,19.6454873],[100.2562976,19.6455022],[100.2550573,19.6469603],[100.2545484,19.6470956],[100.2526954,19.6472842],[100.2515835,19.6473798],[100.2510344,19.6483059],[100.2504869,19.6494517],[100.2497087,19.6507309],[100.2500888,19.6519141],[100.2498607,19.6523988],[100.2490266,19.6524485],[100.2485143,19.6521446],[100.247672,19.6511403],[100.2472825,19.6487273],[100.247435,19.6444658],[100.2473002,19.6390204],[100.2454646,19.6354315],[100.2454098,19.6338156],[100.2446965,19.6320109],[100.2441224,19.6296871],[100.2407099,19.6267778],[100.2386607,19.6247176],[100.2377801,19.6226597],[100.2377384,19.6192776],[100.235455,19.6150947],[100.2345133,19.6139811],[100.2344244,19.6131957],[100.2343497,19.6115652],[100.2339724,19.6110372],[100.2330345,19.6104148],[100.2319783,19.6095877],[100.2303113,19.6067981],[100.2294989,19.6061331],[100.2286504,19.6063869],[100.2268623,19.6078249],[100.2269467,19.6001316],[100.2295638,19.5987133],[100.231334,19.5964288],[100.2354766,19.5939338],[100.2429383,19.5924978],[100.2496755,19.59094],[100.2524678,19.5896421],[100.2604639,19.5897016],[100.2621419,19.5908622],[100.2686272,19.590566],[100.2705807,19.5890885],[100.2791029,19.5835799],[100.2804458,19.5819824],[100.2872817,19.5823787],[100.2868925,19.5787561],[100.288815,19.5739468],[100.2894639,19.5692415],[100.2915547,19.5657548],[100.2920578,19.5636301],[100.2916233,19.5580584],[100.294416,19.5571597],[100.2973986,19.5545384],[100.2995888,19.5536936],[100.3074016,19.5534068],[100.3145273,19.5484038],[100.3209211,19.5433945],[100.3299008,19.5483432],[100.3326857,19.5480742],[100.3372787,19.5483949],[100.3422606,19.553255],[100.3452058,19.5559165],[100.3479749,19.558175],[100.3522859,19.5633741],[100.3571532,19.5676609],[100.3689636,19.566937],[100.3707874,19.5656289],[100.3726182,19.5638034],[100.378478,19.5585048],[100.3805459,19.5568514],[100.3904487,19.5593324],[100.3924399,19.560207],[100.3943704,19.5610233],[100.4009087,19.5614696],[100.4030374,19.5600481],[100.405517,19.5596064],[100.4118341,19.5644134],[100.4143138,19.5646606],[100.4205778,19.5686658],[100.4315034,19.5723561],[100.4430774,19.5705359],[100.4501802,19.5681119],[100.4524923,19.5673253],[100.4589771,19.5656422],[100.4631051,19.5638921],[100.4665689,19.5624185],[100.4691778,19.5619184],[100.4713522,19.5619323],[100.4736488,19.562406],[100.4869152,19.5651926],[100.4876491,19.5664516],[100.4889914,19.5681376],[100.4897712,19.5689932],[100.4900401,19.5707663],[100.4899502,19.5718806],[100.4898874,19.5730782],[100.4900264,19.5734938],[100.4903011,19.5741282],[100.4907254,19.5748127],[100.491301,19.5758538],[100.4917643,19.5768076],[100.4918847,19.5780444],[100.4913743,19.5814321],[100.4910339,19.5822458],[100.4904452,19.5828808],[100.489692,19.5838362],[100.4890538,19.5844267],[100.4884978,19.584784],[100.4872945,19.5853846],[100.4870424,19.5856103],[100.4865454,19.5860165],[100.4858208,19.5866503],[100.4854043,19.5869677],[100.4849937,19.5873941],[100.4847959,19.5875689],[100.4845055,19.5879102],[100.4844021,19.5883335],[100.4845907,19.588691],[100.4850357,19.5892502],[100.4855539,19.5899683],[100.4857729,19.5904544],[100.4861645,19.5919012],[100.4864253,19.592536],[100.4868823,19.5932482],[100.4866938,19.59452],[100.4865207,19.5954625],[100.4865627,19.5958289],[100.4866272,19.596668],[100.4866033,19.5975149],[100.4861264,19.5986527],[100.4858248,19.5989451],[100.4852684,19.5995445],[100.4851412,19.5998602],[100.4847357,19.6007332],[100.4844105,19.6014631],[100.4841178,19.6018621],[100.4834848,19.6025414],[100.4826225,19.6035768],[100.4821098,19.6045982],[100.482007,19.6052504],[100.4820296,19.6059172],[100.482321,19.607179],[100.4824949,19.6079071],[100.4830386,19.6090998],[100.4833249,19.6097795],[100.4830542,19.6100867],[100.4823962,19.6104015],[100.4818687,19.6107318],[100.4812042,19.6111556],[100.480906,19.6113473],[100.4803799,19.6118083],[100.4800199,19.6121625],[100.4786093,19.6130401],[100.4773181,19.6135626],[100.4760859,19.6137612],[100.4741227,19.6139235],[100.4724663,19.6140427],[100.4713809,19.6142774],[100.4708722,19.6143469],[100.4704228,19.6142785],[100.4697582,19.6145588],[100.469061,19.6148121],[100.4680919,19.6150971],[100.4671365,19.6157353],[100.4653045,19.6170176],[100.4638656,19.6179015],[100.4631126,19.618244],[100.4618145,19.6187688],[100.4604029,19.6190468],[100.45971,19.6198565],[100.4598636,19.6205645],[100.4597459,19.6219794],[100.4594541,19.6225624],[100.458002,19.6254394],[100.456702,19.6280032],[100.456144,19.6284436],[100.4556787,19.6287297],[100.454815,19.6286373],[100.4535115,19.6288895],[100.4523966,19.6289707],[100.4512125,19.6291091],[100.4500614,19.6287367],[100.4488952,19.627951],[100.4479466,19.6282319],[100.4476343,19.628431],[100.4473097,19.6290841],[100.4470341,19.6297594],[100.4466937,19.6301469],[100.4463176,19.6306076],[100.4456401,19.6316137],[100.4452866,19.6323303],[100.4451716,19.6328033],[100.4448166,19.6334273],[100.4444128,19.6340539],[100.4440681,19.6345626],[100.4437341,19.6350035],[100.443387,19.6353067],[100.4431636,19.6358483],[100.443313,19.6361001],[100.4433182,19.6364773],[100.4433645,19.6371884],[100.4433951,19.6376128],[100.4432786,19.6379819],[100.4432835,19.6383274],[100.4431548,19.638674],[100.4427802,19.6396302],[100.4424569,19.6408073],[100.4423599,19.6419232],[100.4424707,19.6430609],[100.4426336,19.6439049],[100.4429523,19.6450249],[100.4431627,19.6452875],[100.4432896,19.6456863],[100.4434074,19.646329],[100.4436475,19.6470194],[100.4438737,19.6475518],[100.4441346,19.6479969],[100.4443335,19.6483138],[100.4444594,19.6486584],[100.4446997,19.6493318],[100.4447806,19.6499161],[100.4446329,19.6506649],[100.4443738,19.6512182],[100.4440641,19.6516475],[100.4435827,19.6520861],[100.4433809,19.6522313],[100.4429501,19.652639],[100.442786,19.6530876],[100.4425613,19.6534937],[100.4427887,19.654122],[100.4429459,19.6549678],[100.4428914,19.6554064],[100.4429161,19.6563007],[100.4429934,19.6566208],[100.4433433,19.657352],[100.4435082,19.6579114],[100.4435034,19.6582884],[100.4436796,19.6588288],[100.4436248,19.6592313],[100.4434283,19.6599218],[100.4433973,19.6603241],[100.4434382,19.6606354],[100.4435017,19.6608631],[100.4438638,19.6615581],[100.4439367,19.6624429],[100.4437469,19.6629966],[100.443358,19.6636571],[100.4427249,19.6643183],[100.4424377,19.6645962],[100.4419324,19.6648781],[100.441025,19.6655381],[100.4388182,19.6669268],[100.4364522,19.6685223],[100.435201,19.6693479],[100.4345602,19.6698133],[100.4340855,19.6700444],[100.4331365,19.6703673],[100.4325731,19.6706336],[100.4319793,19.6710054],[100.4316282,19.6713673],[100.431188,19.6720111],[100.4305511,19.6724499],[100.4292342,19.6729144],[100.4286486,19.6732258],[100.4283525,19.6735109],[100.4288079,19.674639],[100.4291727,19.6754717],[100.4296368,19.6765358],[100.4300815,19.6778056],[100.4301758,19.6780567],[100.4303106,19.6790088],[100.4304273,19.6801717],[100.4305194,19.6809729],[100.4305601,19.6812543],[100.4304937,19.6819788],[100.4305028,19.6825109],[100.4305059,19.6828717],[100.4304619,19.6837577],[100.4306252,19.6841584],[100.4307774,19.6846496],[100.4312804,19.6850341],[100.4316622,19.68533],[100.4318455,19.6854972],[100.4320558,19.6858162],[100.4322891,19.6860086],[100.4327084,19.6864615],[100.4332387,19.6870988],[100.4338852,19.6881936],[100.4338925,19.6886859],[100.4338987,19.6891305],[100.4339569,19.6898216],[100.4340942,19.6901073],[100.4343809,19.6906426],[100.4345443,19.6910433],[100.434693,19.6912759],[100.4349685,19.691887],[100.435162,19.6927211],[100.4351985,19.6928479],[100.4354598,19.6931547],[100.4355866,19.6935422],[100.4362192,19.6945445],[100.4364568,19.6950485],[100.4370555,19.6962002],[100.4374502,19.6966646],[100.4383027,19.6977216],[100.4392182,19.6985296],[100.4406984,19.699803],[100.4411026,19.7000617],[100.4414656,19.7004247],[100.4423074,19.7011837],[100.4429291,19.7018235],[100.4433421,19.7021276],[100.4436093,19.7022799],[100.4440289,19.7028028],[100.4446132,19.7033583],[100.4451513,19.7040971],[100.4453421,19.7046686],[100.4454792,19.7053898],[100.4457251,19.7060417],[100.4460351,19.7065068],[100.4462637,19.7072616],[100.446062,19.7075749],[100.4453423,19.7081691],[100.4446707,19.7087403],[100.4441821,19.7093767],[100.4436431,19.7099005],[100.4431398,19.7103653],[100.4426099,19.7106497],[100.4417214,19.7110102],[100.4407705,19.7114399],[100.4398615,19.711957],[100.4395384,19.7122938],[100.4394214,19.7126065],[100.4395453,19.7127997],[100.439819,19.7132673],[100.4400132,19.7141128],[100.440037,19.7149732],[100.4397646,19.7154474],[100.4395122,19.7156234],[100.4394314,19.7159222],[100.4386667,19.7167595],[100.4384126,19.7176921],[100.4380214,19.7192108],[100.4375697,19.7199169],[100.4372819,19.7201383],[100.4362922,19.7205528],[100.4360439,19.7205909],[100.4353113,19.7206973],[100.4347702,19.7208584],[100.4341644,19.7211368],[100.4332827,19.7214284],[100.4327133,19.721494],[100.4320551,19.72163],[100.4314264,19.7219232],[100.4307855,19.7225054],[100.4303626,19.7229851],[100.4300439,19.7235689],[100.4297072,19.7243662],[100.4291938,19.7249688],[100.4286823,19.7257228],[100.4284791,19.7259435],[100.4277256,19.7266841],[100.4272421,19.7271557],[100.4269678,19.7274924],[100.4265601,19.7280153],[100.426351,19.7282417],[100.4262708,19.7286105],[100.4260231,19.7291298],[100.4257886,19.7292818],[100.425312,19.7294714],[100.4246216,19.7295836],[100.4234565,19.7295974],[100.4229078,19.7293815],[100.4226999,19.7292759],[100.4221537,19.7292825],[100.4215169,19.7288877],[100.4212122,19.7287829],[100.4205335,19.7286662],[100.4196826,19.7287509],[100.4189019,19.7293467],[100.4186308,19.7295274],[100.4182057,19.7303496],[100.4178258,19.730853],[100.4173999,19.7315842],[100.4170212,19.732224],[100.4170985,19.7326989],[100.4164952,19.7325011],[100.4156329,19.7327809],[100.4144812,19.7329264],[100.4137142,19.7331145],[100.4130437,19.7333472],[100.4123784,19.7341713],[100.4117579,19.7346311],[100.410898,19.7351837],[100.4103001,19.735696],[100.4096483,19.7359699],[100.4092552,19.7360656],[100.4078552,19.7361873],[100.4071541,19.7362824],[100.4069517,19.7364476],[100.4063359,19.7354015],[100.4056487,19.7337238],[100.4047283,19.7326472],[100.4039014,19.7316904],[100.4025024,19.731019],[100.3998564,19.7305848],[100.3978305,19.7296454],[100.3960889,19.7282487],[100.3941993,19.7263983],[100.3917727,19.7235513],[100.3903592,19.7211968],[100.3903758,19.7175574],[100.3899506,19.7156047],[100.3892702,19.7147001],[100.3879202,19.7141192],[100.3868576,19.7134451],[100.3862234,19.7123127],[100.3852498,19.710819],[100.3842353,19.7101445],[100.3824078,19.7098857],[100.3807274,19.7099896],[100.3789188,19.7091392],[100.3767567,19.7090648],[100.3755996,19.7085733],[100.3749241,19.7082146],[100.374058,19.7080392],[100.3731938,19.7080913],[100.3720871,19.7078724],[100.3712133,19.7067873],[100.3703851,19.7054289],[100.3698886,19.7035221],[100.3690744,19.7009808],[100.3673322,19.6994474],[100.3658329,19.6982306],[100.364382,19.6970588],[100.3636973,19.6956083],[100.3631982,19.6944509],[100.3627632,19.6934423],[100.3621595,19.6920425],[100.3601696,19.6902217],[100.3577487,19.68792],[100.3560076,19.6864774],[100.3551301,19.6849374],[100.3542211,19.6853536],[100.3530346,19.6870457],[100.3512211,19.6884241],[100.3481505,19.6888111],[100.346453,19.6879766],[100.3450567,19.6864233],[100.3435702,19.6867074],[100.3423539,19.6877173],[100.340912,19.6875916],[100.339225,19.6868763],[100.3373407,19.6855256],[100.3357937,19.6843089],[100.33415,19.6830019],[100.3322586,19.6807868],[100.3304941,19.6764782],[100.3291464,19.6732128],[100.328646,19.67076],[100.3275712,19.6685389],[100.3263497,19.6660004],[100.324375,19.6636258],[100.3206058,19.6610039],[100.3154482,19.6587897],[100.3101459,19.65371],[100.3064993,19.6503415],[100.3046756,19.6492005],[100.3010364,19.6478264]]]}},
{"type":"Feature","properties":{"id":9,"amphoe_e":"Pong","province_t":"พะเยา","province_e":"Phayao","amp_code":5606.0,"prov_code":56.0,"area__km":1684.0,"amphoe_t":"อำเภอปง","status_amp":4},"geometry":{"type":"Polygon","coordinates":[[[100.2399297,19.3432041],[100.2416765,19.337703],[100.239823,19.3358498],[100.2317278,19.3350395],[100.232511,19.3336468],[100.2344289,19.3302368],[100.2340169,19.3228235],[100.2404336,19.3220119],[100.2457664,19.3207332],[100.2476128,19.3169572],[100.2495434,19.3110527],[100.2442408,19.3088887],[100.2456142,19.3042463],[100.252824,19.2961461],[100.2610336,19.2906931],[100.2613847,19.2848965],[100.2650698,19.27872],[100.2649025,19.2707945],[100.2687707,19.2638148],[100.2631476,19.2638876],[100.2536641,19.2642149],[100.2427922,19.2633855],[100.2437075,19.2686788],[100.2301724,19.2692063],[100.224748,19.2679574],[100.2273497,19.2608559],[100.2223144,19.2566202],[100.2215518,19.248231],[100.2211856,19.2421388],[100.2165319,19.2360141],[100.2126714,19.2289759],[100.2069261,19.230559],[100.2015776,19.232695],[100.1952378,19.2317832],[100.1945436,19.2291876],[100.1836411,19.225068],[100.1826416,19.222646],[100.1727382,19.2153702],[100.1697246,19.2149445],[100.1629201,19.2127219],[100.1621333,19.2124649],[100.1605234,19.2100919],[100.1532144,19.203876],[100.1455625,19.2015656],[100.1398177,19.1909365],[100.1377268,19.1885595],[100.1356364,19.1807765],[100.1357891,19.1777326],[100.1320893,19.1684415],[100.1313337,19.1652722],[100.1299228,19.1562899],[100.1310212,19.1498607],[100.1290529,19.1476567],[100.1234454,19.146688],[100.1179292,19.1483165],[100.1177768,19.1455434],[100.1180057,19.1408883],[100.1173416,19.1355361],[100.1162813,19.1327639],[100.1147175,19.1271167],[100.1146259,19.1243545],[100.1144352,19.1199256],[100.1123373,19.1124902],[100.1117572,19.1104131],[100.1123371,19.1017958],[100.1133292,19.0995624],[100.1140236,19.0971522],[100.111872,19.0898888],[100.1091793,19.0816978],[100.1131009,19.0771357],[100.1156721,19.0741676],[100.1169233,19.0702111],[100.1217607,19.069678],[100.1236529,19.0681439],[100.1267578,19.0653553],[100.1281773,19.0627216],[100.1277731,19.0556442],[100.1216236,19.0495551],[100.1215242,19.0473079],[100.1238971,19.0403739],[100.1217229,19.0348908],[100.1157338,19.0358714],[100.1139027,19.0320036],[100.1134373,19.0248112],[100.1153449,19.0220098],[100.1202661,19.0192939],[100.1240807,19.0185818],[100.1273385,19.0186116],[100.131573,19.0124976],[100.1373868,19.0109393],[100.1398054,19.0109605],[100.1448638,19.0117538],[100.1473432,19.0120615],[100.157796,19.0114655],[100.1618626,19.0151222],[100.1646851,19.0163537],[100.1668522,19.0170065],[100.1756869,19.0151862],[100.1777471,19.0147438],[100.1846974,19.0192898],[100.1918158,19.0200392],[100.1945932,19.0200642],[100.1991785,19.0266015],[100.2007959,19.0278244],[100.2090583,19.0286425],[100.210615,19.0303221],[100.2152157,19.034444],[100.2172681,19.0348642],[100.2196787,19.0350561],[100.2288649,19.0285209],[100.2323517,19.0306776],[100.2353728,19.0302418],[100.2365023,19.0259963],[100.2448563,19.0298641],[100.2479921,19.0302338],[100.2507922,19.0220915],[100.2511812,19.0195656],[100.2573462,19.0194447],[100.2589636,19.02078],[100.2630455,19.0231715],[100.2658073,19.0247452],[100.2754583,19.0252865],[100.2778083,19.0263411],[100.2800591,19.0307282],[100.2805092,19.0334313],[100.2839423,19.0406475],[100.2862846,19.0415867],[100.2950053,19.0455671],[100.2936698,19.0521681],[100.2944864,19.0547647],[100.3009558,19.0544684],[100.3031379,19.0537979],[100.3053737,19.0537008],[100.3139031,19.0581378],[100.3150322,19.0601018],[100.3153681,19.068959],[100.316131,19.0713209],[100.3231807,19.0727569],[100.3340604,19.0659446],[100.3364866,19.0647547],[100.344513,19.0595302],[100.3481903,19.0597293],[100.3489531,19.0559423],[100.3498993,19.0516953],[100.3524859,19.0471157],[100.3548512,19.0456368],[100.3606651,19.0439021],[100.3634421,19.0442092],[100.3709723,19.0398976],[100.3727963,19.0389918],[100.3751459,19.0394103],[100.3861706,19.0420815],[100.3887646,19.0421004],[100.3933044,19.0417341],[100.3980957,19.0390663],[100.4041534,19.0368134],[100.4130039,19.0398677],[100.4219457,19.039589],[100.4241732,19.0399513],[100.4344044,19.0378978],[100.4373116,19.0367119],[100.4401573,19.0360437],[100.448157,19.0341129],[100.4784724,19.0267923],[100.4799547,19.0278753],[100.481948,19.0311642],[100.4815164,19.0336104],[100.4815989,19.0344001],[100.4809997,19.0349797],[100.480876,19.03807],[100.4823907,19.0384889],[100.4840565,19.0389066],[100.4852037,19.040478],[100.4858867,19.0408317],[100.487082,19.0393134],[100.4884373,19.0387995],[100.4897984,19.0389322],[100.4903457,19.0410113],[100.49142,19.0428707],[100.4926461,19.0448006],[100.4933523,19.0477405],[100.4934427,19.0493922],[100.492775,19.0507627],[100.4935481,19.0517562],[100.494448,19.0519705],[100.4959525,19.0512399],[100.4968487,19.0500831],[100.4979833,19.0502176],[100.5006177,19.0491185],[100.5021971,19.0483154],[100.504313,19.04837],[100.5062766,19.0482821],[100.5080519,19.0482676],[100.5109898,19.0473096],[100.512347,19.0470111],[100.5136111,19.0447736],[100.5147382,19.0434419],[100.5172081,19.0438237],[100.5191087,19.043607],[100.5219229,19.0431147],[100.5231183,19.0428368],[100.5245306,19.0431602],[100.5264313,19.0429435],[100.5283993,19.0423911],[100.5300125,19.0415736],[100.5315578,19.0410247],[100.5328279,19.0412152],[100.5336098,19.0419458],[100.5342556,19.0432137],[100.5353273,19.0448131],[100.5365363,19.0460092],[100.5386933,19.0467731],[100.541473,19.0464372],[100.5437915,19.0456807],[100.5454714,19.0444604],[100.5462328,19.0429798],[100.5470597,19.0409625],[100.5478972,19.0400843],[100.5496605,19.0402706],[100.5514326,19.0413949],[100.552709,19.0422553],[100.5535695,19.0438563],[100.5551265,19.0445803],[100.5569548,19.0441629],[100.5583163,19.0428112],[100.5592864,19.0410607],[100.5600333,19.0380389],[100.5612772,19.0354149],[100.5625945,19.0331254],[100.564478,19.0310991],[100.5660174,19.0299469],[100.5678423,19.0291943],[100.5690394,19.0291171],[100.5700893,19.0283711],[100.5710769,19.0284967],[100.5725672,19.0296232],[100.5741837,19.0303015],[100.5758157,19.0303997],[100.5796209,19.0304342],[100.5817364,19.0306171],[100.5829675,19.0304055],[100.5847859,19.0289827],[100.586393,19.0275617],[100.588367,19.0276788],[100.590763,19.0277251],[100.5929388,19.0268353],[100.5942012,19.0262213],[100.5956666,19.0247344],[100.5979883,19.0243793],[100.5991168,19.0245035],[100.6009396,19.0235496],[100.6017709,19.0220682],[100.6031017,19.0212525],[100.6047854,19.0205008],[100.6062316,19.0206893],[100.6075152,19.0222864],[100.6090198,19.0248866],[100.6105218,19.0272189],[100.613912,19.0280605],[100.6147652,19.0288571],[100.6154116,19.0301246],[100.6166933,19.0315206],[100.6193868,19.0331723],[100.6194005,19.0345794],[100.6180186,19.0374059],[100.6170497,19.0392236],[100.6150899,19.040581],[100.6151042,19.0420551],[100.6117509,19.0456793],[100.6087498,19.0469033],[100.6059351,19.0477715],[100.6044049,19.0480149],[100.6024787,19.0490288],[100.6007073,19.049351],[100.5977362,19.0507574],[100.5967735,19.0513027],[100.5961415,19.0526888],[100.5942189,19.0540861],[100.592858,19.0551717],[100.5907601,19.0551131],[100.5863047,19.0573759],[100.5849423,19.058308],[100.5847746,19.0602249],[100.5823873,19.0610913],[100.5815902,19.0620953],[100.5800779,19.064256],[100.5774378,19.0665797],[100.5743885,19.0682932],[100.5736792,19.0700635],[100.5713507,19.0712339],[100.5683725,19.0719496],[100.5655564,19.0727406],[100.5669701,19.0734415],[100.5667009,19.0743417],[100.5637968,19.0743663],[100.563979,19.0765892],[100.5672166,19.0777123],[100.568395,19.0786227],[100.5679153,19.079087],[100.5650068,19.0786515],[100.5640489,19.0797335],[100.5651912,19.0811045],[100.5656861,19.0822509],[100.5662616,19.0833965],[100.566191,19.084471],[100.5658741,19.0850873],[100.5679817,19.0861433],[100.5695275,19.0875108],[100.5699468,19.0891947],[100.5715719,19.0904081],[100.5724688,19.0913976],[100.572396,19.092242],[100.5709489,19.0927913],[100.5693419,19.0934953],[100.5686375,19.0958024],[100.5685662,19.0968002],[100.5692208,19.0976375],[100.5689934,19.0993278],[100.5708326,19.1018433],[100.5728613,19.1030533],[100.5751074,19.1051661],[100.5767587,19.1056279],[100.5776441,19.1053902],[100.5785221,19.1043855],[100.5798079,19.1038376],[100.5807659,19.1027555],[100.5809062,19.1005299],[100.5816148,19.0986829],[100.5816046,19.0976091],[100.5828947,19.0975213],[100.5836201,19.0974384],[100.5847452,19.0969685],[100.5866016,19.0970292],[100.588466,19.0979336],[100.5891906,19.0977739],[100.5896827,19.0986134],[100.5921061,19.0988993],[100.5938905,19.099881],[100.5952797,19.1017099],[100.5978645,19.1019943],[100.6009151,19.1045757],[100.6021275,19.1047952],[100.6031697,19.1040958],[100.604619,19.1037764],[100.6055806,19.1030777],[100.6060607,19.1028699],[100.6068729,19.1033236],[100.6076756,19.1035441],[100.6088143,19.1036138],[100.6093468,19.1029948],[100.6099357,19.1026313],[100.6105324,19.1030868],[100.6107562,19.1039551],[100.6120565,19.1047628],[100.6136334,19.1063359],[100.6153595,19.1066279],[100.6174769,19.108401],[100.6188809,19.1087982],[100.619751,19.1096608],[100.6214836,19.1106182],[100.6223521,19.1113272],[100.6235593,19.1136201],[100.6243666,19.1163261],[100.6251345,19.1177527],[100.6259395,19.122967],[100.6256932,19.125324],[100.6257342,19.1267569],[100.6259556,19.1273693],[100.6251175,19.1297826],[100.6246468,19.1312201],[100.6246105,19.1330121],[100.6253077,19.1354631],[100.6251672,19.1376144],[100.6247513,19.1391537],[100.6244442,19.1407946],[100.6251699,19.1433989],[100.6251361,19.1454468],[100.6272043,19.1476297],[100.627758,19.1491605],[100.6291772,19.1538062],[100.6287276,19.1573936],[100.6277977,19.1614459],[100.6271126,19.1629876],[100.6254167,19.1685824],[100.6251055,19.1698137],[100.6261884,19.1703672],[100.6257382,19.1739034],[100.6225051,19.1738296],[100.6226409,19.1766951],[100.6212304,19.178448],[100.6191485,19.1804116],[100.618092,19.182571],[100.6180662,19.1854378],[100.6186803,19.1876336],[100.6190973,19.1889609],[100.618645,19.1922923],[100.6193165,19.1948459],[100.6202374,19.1968111],[100.6216114,19.1981018],[100.6213227,19.2016365],[100.6205423,19.2072231],[100.619169,19.2100507],[100.6188788,19.2134318],[100.6172649,19.2164663],[100.616805,19.2190299],[100.6157569,19.2220594],[100.6158678,19.223643],[100.6168132,19.2253774],[100.6167527,19.226654],[100.6154452,19.2287681],[100.6140407,19.2311864],[100.612004,19.2323305],[100.611532,19.2336656],[100.6109617,19.2359742],[100.6100057,19.237416],[100.6079204,19.2391236],[100.6070856,19.2419464],[100.6057328,19.2441595],[100.6032836,19.2472524],[100.6013129,19.2496756],[100.6002554,19.2517836],[100.6015118,19.2535131],[100.6032888,19.2561083],[100.6042639,19.2566116],[100.6053408,19.2564998],[100.6060519,19.2575685],[100.6062266,19.258898],[100.6055434,19.2606956],[100.6055603,19.2624359],[100.6060034,19.2636606],[100.6059061,19.2647365],[100.6052813,19.2669943],[100.6046813,19.2690472],[100.605676,19.2715468],[100.606455,19.2740483],[100.6077716,19.2763915],[100.6076803,19.2780815],[100.6093089,19.2792446],[100.6102917,19.2805157],[100.610744,19.2854259],[100.6120613,19.2878203],[100.6121811,19.2890478],[100.611978,19.2903293],[100.6112998,19.2926388],[100.6107593,19.2952543],[100.6109425,19.2974539],[100.6116764,19.3008259],[100.611712,19.3044601],[100.6120022,19.3065563],[100.6123524,19.3120306],[100.612974,19.3149429],[100.6144065,19.3180528],[100.6169062,19.3200271],[100.6166329,19.3223842],[100.6154583,19.323572],[100.6149317,19.3248564],[100.6143657,19.3276257],[100.6141062,19.3286518],[100.6123858,19.3291789],[100.6109551,19.3302174],[100.6102506,19.3313989],[100.6101578,19.3329355],[100.6094684,19.3341189],[100.6081143,19.3335166],[100.6070878,19.3333209],[100.6060009,19.3324602],[100.6048556,19.3311394],[100.6007881,19.3287692],[100.5994766,19.3269891],[100.5976408,19.3267492],[100.5961815,19.3264036],[100.5956354,19.3256918],[100.5954098,19.3246699],[100.5944922,19.3245756],[100.5933549,19.3240736],[100.5919886,19.3221915],[100.590838,19.3203075],[100.5902919,19.3195956],[100.5890993,19.3189405],[100.5875918,19.3173985],[100.5870832,19.3167569],[100.5871962,19.3145035],[100.5859473,19.313593],[100.5840514,19.312688],[100.5827421,19.3111125],[100.5815496,19.3104573],[100.5798229,19.3103187],[100.5751113,19.3081582],[100.5738,19.3069163],[100.5725044,19.3061843],[100.5717359,19.3047576],[100.5709811,19.3047641],[100.5696387,19.3053387],[100.5687324,19.3064215],[100.5687196,19.3079062],[100.5682874,19.3087247],[100.5671737,19.3097623],[100.5658321,19.3104393],[100.5643784,19.3106565],[100.5617361,19.310628],[100.5618294,19.3147737],[100.561791,19.3164121],[100.560941,19.3177503],[100.558642,19.3198176],[100.5589805,19.3214017],[100.5587083,19.3239635],[100.5593252,19.3264666],[100.5596681,19.3285113],[100.5589973,19.3316909],[100.558704,19.3338305],[100.5590881,19.3355806],[100.5612817,19.3365857],[100.5630209,19.3380041],[100.563841,19.3391745],[100.5647096,19.3397813],[100.5631485,19.3399152],[100.5619578,19.3400173],[100.5603491,19.3405865],[100.5586788,19.3407544],[100.5570091,19.3409734],[100.5553919,19.3410384],[100.5505667,19.3440486],[100.547896,19.3467845],[100.5467226,19.3481766],[100.545086,19.3490607],[100.543042,19.3496412],[100.5399696,19.3498207],[100.5361421,19.3500066],[100.5339776,19.3515662],[100.5324966,19.3526508],[100.5313821,19.3531125],[100.5290744,19.3532272],[100.5285779,19.353803],[100.5294839,19.3540813],[100.5310917,19.3542583],[100.5314008,19.3551132],[100.531407,19.3557801],[100.5314221,19.3573997],[100.5323407,19.3590117],[100.5322625,19.3613943],[100.5326819,19.3632963],[100.5336448,19.3642886],[100.534559,19.3654243],[100.5336627,19.366194],[100.5334717,19.3672437],[100.5328756,19.3679157],[100.5292272,19.3696137],[100.5265817,19.371208],[100.5258878,19.3721666],[100.5234021,19.37476],[100.5195117,19.3774603],[100.5170134,19.3787198],[100.5153059,19.3786387],[100.5126878,19.377803],[100.5108606,19.3756268],[100.5052012,19.3715767],[100.5013926,19.3722751],[100.4979751,19.3718269],[100.4961681,19.3718417],[100.4954732,19.372705],[100.4956914,19.3746087],[100.4962125,19.3767006],[100.4957253,19.3783244],[100.4944358,19.38005],[100.4915357,19.3813124],[100.4900298,19.3813247],[100.4879259,19.3818184],[100.4881475,19.3841033],[100.4879631,19.3859151],[100.4879787,19.38763],[100.487481,19.3881104],[100.4861854,19.3891691],[100.4859915,19.3899329],[100.4875295,19.3934457],[100.4875356,19.3941126],[100.4876834,19.3957035],[100.4879593,19.3969663],[100.4881502,19.3986951],[100.4730337,19.4025725],[100.4601704,19.4006525],[100.4453312,19.3957318],[100.4327117,19.401334],[100.420108,19.4048098],[100.4049099,19.3998818],[100.3952964,19.3994725],[100.3897497,19.3974256],[100.3858282,19.3964797],[100.3902917,19.3911691],[100.386767,19.385689],[100.3817009,19.3840447],[100.3756583,19.3836591],[100.3704397,19.3860928],[100.3693102,19.3907929],[100.3639698,19.3932816],[100.3577057,19.3973741],[100.3561496,19.388059],[100.3581942,19.3752655],[100.3540214,19.3685156],[100.3511219,19.3616612],[100.3485355,19.3601489],[100.3423556,19.3680282],[100.3398073,19.3760524],[100.3326205,19.3754275],[100.3249985,19.3689392],[100.3190398,19.3656778],[100.3126695,19.3622429],[100.3109908,19.353215],[100.3124253,19.3482284],[100.3112884,19.34064],[100.3087784,19.3368292],[100.297632,19.3399064],[100.2925884,19.3427975],[100.290742,19.3404952],[100.2907349,19.3404863],[100.2924055,19.3361916],[100.2899336,19.3354252],[100.2850205,19.337057],[100.279359,19.3351158],[100.2674644,19.3403695],[100.2596364,19.3436405],[100.2553642,19.3480884],[100.2522892,19.3531198],[100.2470096,19.3490019],[100.2399297,19.3432041]]]}},
{"type":"Feature","properties":{"id":1,"amphoe_e":"Chiang Kham","province_t":"พะเยา","province_e":"Phayao","amp_code":5603.0,"prov_code":56.0,"area__km":794.0,"amphoe_t":"อำเภอเชียงคำ","status_amp":2},"geometry":{"type":"Polygon","coordinates":[[[100.1638331,19.5760399],[100.1627803,19.5759138],[100.1622833,19.5750529],[100.1625987,19.5741266],[100.1641015,19.5730431],[100.1619714,19.5706683],[100.1621011,19.5692052],[100.1628729,19.5692667],[100.1640669,19.5692588],[100.1640572,19.5681956],[100.1646777,19.5667294],[100.1659355,19.5661231],[100.1669205,19.566582],[100.1679717,19.5665087],[100.1687363,19.5655733],[100.1680303,19.5649132],[100.1657771,19.5635985],[100.1651413,19.5629379],[100.1652062,19.5622064],[100.1665317,19.5612674],[100.1668016,19.5598034],[100.1665097,19.5582101],[100.1658033,19.5574836],[100.1652448,19.5578195],[100.1647617,19.5588861],[100.1640634,19.5592894],[100.1630761,19.5584981],[100.1624351,19.5571065],[100.1626378,19.5560418],[100.1635483,19.555903],[100.1644631,19.5563623],[100.1651628,19.5561584],[100.1654836,19.5555378],[100.1651537,19.5548957],[100.1646543,19.5537025],[100.1654851,19.5522349],[100.1652677,19.5512394],[100.1642151,19.5511132],[100.1628878,19.5517864],[100.1620427,19.5512601],[100.1625535,19.5502632],[100.1636666,19.5475117],[100.1626469,19.5457285],[100.1631401,19.5442935],[100.1616196,19.5428715],[100.1593559,19.5431247],[100.1582377,19.5451602],[100.1543421,19.5460204],[100.1516672,19.540489],[100.1519496,19.5362969],[100.1529719,19.5304487],[100.1564742,19.5250772],[100.1528652,19.5230356],[100.1511031,19.5174514],[100.1455332,19.5176359],[100.1453961,19.5128094],[100.1453123,19.5090194],[100.1447327,19.50706],[100.1401091,19.503118],[100.1329527,19.5046087],[100.1329463,19.5046044],[100.130575,19.5030221],[100.1304271,19.5029235],[100.1314804,19.500746],[100.1325333,19.4986906],[100.1319687,19.4943185],[100.1330518,19.4889851],[100.1325258,19.4867407],[100.135768,19.4830361],[100.1464342,19.4818597],[100.15575,19.4814752],[100.163204,19.4807317],[100.1689951,19.4819278],[100.1758538,19.4803745],[100.1819806,19.4787579],[100.1884581,19.4782931],[100.2031221,19.4753049],[100.2063723,19.4713143],[100.2056783,19.4675759],[100.1992616,19.4678105],[100.2073111,19.4613259],[100.2095084,19.4530143],[100.2092722,19.4462933],[100.2075708,19.4404201],[100.2062741,19.4368506],[100.2079445,19.4326695],[100.2119581,19.4308627],[100.2118281,19.4248888],[100.2140407,19.4212868],[100.2145676,19.4169823],[100.208067,19.413888],[100.2043516,19.4098375],[100.2077622,19.4017099],[100.213042,19.3925622],[100.212371,19.3873892],[100.2181385,19.3846173],[100.2217628,19.371952],[100.2247463,19.3700232],[100.2300794,19.3627677],[100.2350996,19.3492547],[100.2399297,19.3432041],[100.2470096,19.3490019],[100.2522892,19.3531198],[100.2553642,19.3480884],[100.2596364,19.3436405],[100.2674644,19.3403695],[100.279359,19.3351158],[100.2850205,19.337057],[100.2899336,19.3354252],[100.2924055,19.3361916],[100.2907349,19.3404863],[100.290742,19.3404952],[100.2925884,19.3427975],[100.297632,19.3399064],[100.3087784,19.3368292],[100.3112884,19.34064],[100.3124253,19.3482284],[100.3109908,19.353215],[100.3126695,19.3622429],[100.3190398,19.3656778],[100.3249985,19.3689392],[100.3326205,19.3754275],[100.3398073,19.3760524],[100.3423556,19.3680282],[100.3485355,19.3601489],[100.3511219,19.3616612],[100.3540214,19.3685156],[100.3581942,19.3752655],[100.3561496,19.388059],[100.3577057,19.3973741],[100.3639698,19.3932816],[100.3693102,19.3907929],[100.3704397,19.3860928],[100.3756583,19.3836591],[100.3817009,19.3840447],[100.386767,19.385689],[100.3902917,19.3911691],[100.3858282,19.3964797],[100.3897497,19.3974256],[100.3952964,19.3994725],[100.4049099,19.3998818],[100.420108,19.4048098],[100.4327117,19.401334],[100.4453312,19.3957318],[100.4601704,19.4006525],[100.4730337,19.4025725],[100.4881502,19.3986951],[100.4884753,19.399299],[100.4905503,19.3989787],[100.4917879,19.3988548],[100.4931081,19.3990336],[100.4939871,19.3990263],[100.4966343,19.4001041],[100.4975925,19.4000204],[100.5005228,19.401475],[100.5050685,19.4025938],[100.5062335,19.4032666],[100.5075959,19.4036724],[100.5086074,19.405029],[100.5094552,19.4059698],[100.511459,19.4065978],[100.5130944,19.4062808],[100.5156475,19.4058046],[100.5174855,19.4057892],[100.5188256,19.4059486],[100.5205098,19.4065791],[100.5220324,19.4070214],[100.5233787,19.4078158],[100.5255856,19.4084182],[100.5290583,19.41076],[100.5314543,19.4124898],[100.5342669,19.414216],[100.5371353,19.4155466],[100.540026,19.4160866],[100.5429003,19.418038],[100.5450262,19.4201968],[100.5473398,19.4218953],[100.5501339,19.424826],[100.553217,19.4267563],[100.5576509,19.4299925],[100.5612786,19.4328967],[100.5647566,19.4356893],[100.565268,19.4373573],[100.5650346,19.4398642],[100.5648166,19.4419547],[100.5650357,19.4461866],[100.5649746,19.4491225],[100.56529,19.4509827],[100.5653209,19.4542001],[100.5657428,19.4547609],[100.5679636,19.4567175],[100.5695249,19.4581717],[100.5703159,19.4599712],[100.5705713,19.4617754],[100.5713293,19.4632365],[100.5728193,19.464193],[100.5746787,19.4649574],[100.5767862,19.4674793],[100.5784749,19.4697791],[100.5806387,19.4719617],[100.5835849,19.4750407],[100.5854293,19.4749682],[100.5876848,19.4743275],[100.5893567,19.4748773],[100.5919918,19.4765476],[100.5936328,19.4769848],[100.5951223,19.477141],[100.5970229,19.4767292],[100.5988078,19.476657],[100.6013218,19.4781024],[100.6027012,19.4791628],[100.6038008,19.4820319],[100.6036467,19.4845171],[100.6024296,19.4878583],[100.6012147,19.4914254],[100.5998173,19.4945989],[100.5987561,19.4986726],[100.5986614,19.5011572],[100.5958683,19.5016335],[100.5937872,19.5018776],[100.5900372,19.5019106],[100.5871184,19.5017104],[100.5841957,19.5011151],[100.5810835,19.4993924],[100.580097,19.4989494],[100.5781977,19.4995304],[100.5753969,19.4992162],[100.5732628,19.5001379],[100.5732384,19.5012148],[100.572059,19.502474],[100.5697576,19.5044566],[100.5660246,19.5075815],[100.5637708,19.5080173],[100.5600838,19.5094171],[100.5578341,19.5102691],[100.5567736,19.5108729],[100.5563425,19.5117093],[100.5555392,19.5129651],[100.5518131,19.5168629],[100.550265,19.5189577],[100.5488948,19.5199805],[100.5455966,19.5194437],[100.544783,19.5196291],[100.5437202,19.519995],[100.5416679,19.5218562],[100.539797,19.5230022],[100.5356664,19.5239889],[100.5334129,19.5244838],[100.5327835,19.5242512],[100.5323539,19.5241314],[100.5317704,19.5235276],[100.5310062,19.5219108],[100.5307677,19.5215881],[100.5297381,19.5205897],[100.5296013,19.5204414],[100.5282931,19.5201481],[100.5278873,19.5202327],[100.5271603,19.5202997],[100.5261523,19.5200648],[100.5247751,19.5192649],[100.523383,19.5191344],[100.5208082,19.5206982],[100.5194898,19.5227486],[100.5167541,19.5231368],[100.5134193,19.52353],[100.5126317,19.523983],[100.5115056,19.5248649],[100.5110977,19.5258727],[100.5107062,19.5274993],[100.5094429,19.5297419],[100.5086537,19.531179],[100.507084,19.5326936],[100.504381,19.5343192],[100.5028501,19.5354073],[100.5020621,19.5369865],[100.5011743,19.538191],[100.5004296,19.5386639],[100.4988699,19.5389609],[100.4975105,19.5400882],[100.4963535,19.5399558],[100.4928405,19.5408066],[100.4912157,19.5410027],[100.490457,19.5417937],[100.4888304,19.5423007],[100.4883525,19.5425838],[100.4870447,19.5434379],[100.4860568,19.5442987],[100.4855169,19.544973],[100.4853619,19.5455833],[100.4849566,19.5469265],[100.4844179,19.5477227],[100.4837788,19.5480933],[100.4824977,19.5484997],[100.4826661,19.549351],[100.4834419,19.5498927],[100.4830931,19.5503828],[100.4829465,19.5507636],[100.4829538,19.5515668],[100.4833451,19.5531701],[100.4835496,19.5549457],[100.4830278,19.5557993],[100.4821302,19.5566491],[100.4819935,19.5573087],[100.48144,19.5596747],[100.4817682,19.560126],[100.4826343,19.5611601],[100.4835103,19.5621129],[100.4844214,19.5625119],[100.4850672,19.5628951],[100.4855307,19.5631985],[100.4869152,19.5651926],[100.4736488,19.562406],[100.4713522,19.5619323],[100.4691778,19.5619184],[100.4665689,19.5624185],[100.4631051,19.5638921],[100.4589771,19.5656422],[100.4524923,19.5673253],[100.4501802,19.5681119],[100.4430774,19.5705359],[100.4315034,19.5723561],[100.4205778,19.5686658],[100.4143138,19.5646606],[100.4118341,19.5644134],[100.405517,19.5596064],[100.4030374,19.5600481],[100.4009087,19.5614696],[100.3943704,19.5610233],[100.3924399,19.560207],[100.3904487,19.5593324],[100.3805459,19.5568514],[100.378478,19.5585048],[100.3726182,19.5638034],[100.3707874,19.5656289],[100.3689636,19.566937],[100.3571532,19.5676609],[100.3522859,19.5633741],[100.3479749,19.558175],[100.3452058,19.5559165],[100.3422606,19.553255],[100.3372787,19.5483949],[100.3326857,19.5480742],[100.3299008,19.5483432],[100.3209211,19.5433945],[100.3145273,19.5484038],[100.3074016,19.5534068],[100.2995888,19.5536936],[100.2973986,19.5545384],[100.294416,19.5571597],[100.2916233,19.5580584],[100.2920578,19.5636301],[100.2915547,19.5657548],[100.2894639,19.5692415],[100.288815,19.5739468],[100.2868925,19.5787561],[100.2872817,19.5823787],[100.2804458,19.5819824],[100.2791029,19.5835799],[100.2705807,19.5890885],[100.2686272,19.590566],[100.2621419,19.5908622],[100.2604639,19.5897016],[100.2524678,19.5896421],[100.2496755,19.59094],[100.2429383,19.5924978],[100.2354766,19.5939338],[100.231334,19.5964288],[100.2295638,19.5987133],[100.2269467,19.6001316],[100.2268623,19.6078249],[100.2228245,19.6102081],[100.2207838,19.6106868],[100.218954,19.6109472],[100.2174476,19.6107094],[100.2164288,19.6100654],[100.2155368,19.6088935],[100.2143477,19.6082881],[100.2116367,19.6078659],[100.2100684,19.6080935],[100.2087984,19.6088459],[100.2057198,19.6105093],[100.2044799,19.6109206],[100.203205,19.6110221],[100.2022862,19.6106253],[100.201169,19.6099508],[100.2001219,19.6098958],[100.1979978,19.6101579],[100.1961643,19.6099221],[100.1933659,19.6096927],[100.1919289,19.6099812],[100.1896096,19.6103995],[100.1876478,19.6105054],[100.186143,19.6104843],[100.1840824,19.6104979],[100.1821551,19.6108515],[100.1793746,19.611032],[100.1788072,19.6101717],[100.1780352,19.6101103],[100.1772009,19.6111127],[100.1761563,19.6119314],[100.1748932,19.6120582],[100.1745368,19.611263],[100.1755844,19.610658],[100.1748739,19.6093998],[100.1759927,19.6089272],[100.1758456,19.6079977],[100.1745126,19.6079399],[100.1738694,19.6062825],[100.1720757,19.6055631],[100.1718494,19.6033713],[100.1713576,19.6032415],[100.1697474,19.6036508],[100.1686201,19.602927],[100.1682589,19.6014671],[100.1694391,19.5997979],[100.1725195,19.5990467],[100.1732856,19.5983106],[100.1730694,19.5975145],[100.1711015,19.5969291],[100.1707436,19.5959345],[100.1715581,19.5944412],[100.1710059,19.5934071],[100.1698128,19.5932819],[100.1686153,19.5925586],[100.167209,19.592036],[100.1665001,19.5909772],[100.167333,19.5897754],[100.1688704,19.5890343],[100.1700609,19.5880162],[100.1698733,19.5871004],[100.1688916,19.5871067],[100.1683363,19.5879079],[100.1677062,19.5880449],[100.1664368,19.5870562],[100.1650286,19.5862677],[100.1645257,19.5846093],[100.1655003,19.5836061],[100.1673931,19.5835274],[100.1677346,19.5822623],[100.1665473,19.5805443],[100.1674207,19.5794648],[100.1674912,19.5776779],[100.1682847,19.5770728],[100.1688105,19.5758748],[100.167121,19.5749552],[100.1659943,19.5742979],[100.165016,19.5747694],[100.164673,19.5758351],[100.1638331,19.5760399]]]}},
{"type":"Feature","properties":{"id":2,"amphoe_e":"Chiang Muan","province_t":"พะเยา","province_e":"Phayao","amp_code":5604.0,"prov_code":56.0,"area__km":725.0,"amphoe_t":"อำเภอเชียงม่วน","status_amp":2},"geometry":{"type":"Polygon","coordinates":[[[100.3403365,18.8056738],[100.3417932,18.8070403],[100.3423669,18.8102261],[100.3438401,18.8119213],[100.3453029,18.8140527],[100.3418642,18.8159899],[100.339897,18.8170111],[100.3395794,18.8187939],[100.3387432,18.8198337],[100.3383575,18.8206406],[100.3387301,18.8219876],[100.3400939,18.8228394],[100.3398876,18.8234439],[100.3390501,18.8243114],[100.3392993,18.8253148],[100.3400881,18.8259122],[100.341569,18.8263036],[100.3439829,18.8264585],[100.346072,18.8274772],[100.3475278,18.8285005],[100.3483032,18.829299],[100.3468691,18.8310037],[100.3470307,18.8323523],[100.3480095,18.8340682],[100.3500146,18.8358916],[100.3510969,18.8373484],[100.3529753,18.8383973],[100.3547107,18.8404236],[100.3565965,18.8423914],[100.3584805,18.8441294],[100.3633199,18.8476837],[100.3640568,18.8492865],[100.3643459,18.8514669],[100.3658242,18.8533801],[100.365924,18.854528],[100.3651804,18.8558258],[100.3650508,18.85844],[100.3633229,18.8629899],[100.3637573,18.8644801],[100.36595,18.8670485],[100.3661208,18.8676503],[100.3660071,18.8685127],[100.3657421,18.8693187],[100.3663259,18.8706354],[100.3666678,18.8718677],[100.367792,18.8728646],[100.3682173,18.8732348],[100.3690657,18.873688],[100.3703347,18.8741133],[100.3711564,18.8748213],[100.3720071,18.8755616],[100.3732473,18.8778211],[100.375134,18.8798174],[100.3780459,18.8817486],[100.3817662,18.884765],[100.3822891,18.8859959],[100.383933,18.8877929],[100.3855119,18.8890159],[100.3862145,18.8900732],[100.3864589,18.8922826],[100.3878201,18.8936839],[100.3883476,18.8944797],[100.3886194,18.8963442],[100.3883084,18.8988737],[100.3881154,18.9010863],[100.3886152,18.9019975],[100.3887593,18.9041542],[100.3895928,18.9064453],[100.3900948,18.9087676],[100.3908369,18.9109445],[100.3912005,18.912952],[100.3911789,18.9139859],[100.3904933,18.9149961],[100.3903212,18.9160887],[100.38974,18.9169545],[100.390109,18.9177845],[100.3906278,18.9184986],[100.3909949,18.9190989],[100.3909587,18.9201904],[100.3905122,18.9209404],[100.3906179,18.9227774],[100.3905707,18.9243572],[100.3904288,18.9254495],[100.3907695,18.9265095],[100.3918328,18.927363],[100.3930756,18.9280429],[100.3938041,18.9285543],[100.3939604,18.9292136],[100.3938744,18.9297599],[100.3942396,18.9301305],[100.3952059,18.9302094],[100.3966982,18.9300258],[100.3977571,18.9303625],[100.3984852,18.9308164],[100.3992697,18.9308105],[100.4002648,18.9307169],[100.4010785,18.9305959],[100.4015637,18.9308794],[100.4016937,18.9319983],[100.4019428,18.9329154],[100.4030368,18.933826],[100.4042462,18.934104],[100.4055172,18.9345252],[100.4073996,18.9358893],[100.407615,18.938185],[100.407576,18.9390762],[100.407388,18.9399097],[100.4066437,18.9411214],[100.405447,18.9423653],[100.4046399,18.9432904],[100.4047412,18.9445818],[100.4054715,18.9452942],[100.4070132,18.9455984],[100.4085235,18.9457592],[100.4108927,18.9457699],[100.4132207,18.9462691],[100.4142501,18.9466633],[100.4151527,18.9463405],[100.4159023,18.9457605],[100.4182045,18.9467767],[100.419493,18.9472801],[100.4212712,18.9471839],[100.4226944,18.9477474],[100.424064,18.948593],[100.4247492,18.9480475],[100.4262079,18.9456815],[100.4268983,18.9452454],[100.4285288,18.9453478],[100.4300871,18.9458239],[100.4312638,18.9457861],[100.432477,18.9464947],[100.4335027,18.946458],[100.435668,18.9456319],[100.4382518,18.9457064],[100.4414187,18.9442638],[100.4430041,18.9437788],[100.4436914,18.9428281],[100.4450716,18.9415884],[100.4459551,18.9403525],[100.4481276,18.938823],[100.4502951,18.9367263],[100.451773,18.9352967],[100.4534568,18.9347163],[100.4555494,18.9354562],[100.4561594,18.9370585],[100.4587782,18.9403864],[100.459486,18.9426099],[100.4603933,18.9441154],[100.4622426,18.9454243],[100.4655276,18.9461546],[100.4681204,18.9472685],[100.4709029,18.947341],[100.4729991,18.9484588],[100.473803,18.9494923],[100.4756897,18.9493827],[100.4789731,18.9499238],[100.4809692,18.9509477],[100.4819718,18.9519796],[100.4821768,18.9530183],[100.4814033,18.9551038],[100.4798396,18.9580468],[100.4800666,18.9612592],[100.4807003,18.9655081],[100.481506,18.9667306],[100.4847342,18.9666103],[100.4863381,18.9682045],[100.4885256,18.968376],[100.4897271,18.9694062],[100.4908596,18.9738402],[100.4925604,18.9751499],[100.4947615,18.9768338],[100.4969525,18.9773833],[100.4985609,18.97945],[100.4994949,18.9838855],[100.5007119,18.9866171],[100.5010328,18.9891669],[100.503348,18.9924568],[100.4988091,18.9960859],[100.4963417,18.9979965],[100.4949598,18.9990476],[100.4913326,18.9990768],[100.4868813,19.0014731],[100.4837788,19.0032778],[100.4793083,19.0032147],[100.4714112,19.0035743],[100.469431,19.0029968],[100.4663396,19.003701],[100.4635148,19.0040325],[100.4595563,19.003075],[100.4586268,19.0037745],[100.4567902,19.0077441],[100.4572094,19.0095818],[100.4583061,19.010127],[100.4596994,19.0112931],[100.4604461,19.0134337],[100.4613269,19.0142576],[100.4633008,19.0152114],[100.4659286,19.0160215],[100.469006,19.018282],[100.4784724,19.0267923],[100.4401573,19.0360437],[100.4373116,19.0367119],[100.4344044,19.0378978],[100.4241732,19.0399513],[100.4219457,19.039589],[100.4130039,19.0398677],[100.4041534,19.0368134],[100.3980957,19.0390663],[100.3933044,19.0417341],[100.3887646,19.0421004],[100.3861706,19.0420815],[100.3751459,19.0394103],[100.3727963,19.0389918],[100.3709723,19.0398976],[100.3634421,19.0442092],[100.3606651,19.0439021],[100.3548512,19.0456368],[100.3524859,19.0471157],[100.3498993,19.0516953],[100.3489531,19.0559423],[100.3481903,19.0597293],[100.344513,19.0595302],[100.3364866,19.0647547],[100.3340604,19.0659446],[100.3231807,19.0727569],[100.316131,19.0713209],[100.3153681,19.068959],[100.3150322,19.0601018],[100.3139031,19.0581378],[100.3053737,19.0537008],[100.3031379,19.0537979],[100.3009558,19.0544684],[100.2944864,19.0547647],[100.2936698,19.0521681],[100.2950053,19.0455671],[100.2862846,19.0415867],[100.2839423,19.0406475],[100.2805092,19.0334313],[100.2800591,19.0307282],[100.2778083,19.0263411],[100.2754583,19.0252865],[100.2658073,19.0247452],[100.2630455,19.0231715],[100.2589636,19.02078],[100.2573462,19.0194447],[100.2511812,19.0195656],[100.2507922,19.0220915],[100.2479921,19.0302338],[100.2448563,19.0298641],[100.2365023,19.0259963],[100.2353728,19.0302418],[100.2323517,19.0306776],[100.2288649,19.0285209],[100.2196787,19.0350561],[100.2172681,19.0348642],[100.2152157,19.034444],[100.210615,19.0303221],[100.2090583,19.0286425],[100.2007959,19.0278244],[100.1991785,19.0266015],[100.1945932,19.0200642],[100.1918158,19.0200392],[100.1846974,19.0192898],[100.1777471,19.0147438],[100.1756869,19.0151862],[100.1668522,19.0170065],[100.1646851,19.0163537],[100.1618626,19.0151222],[100.157796,19.0114655],[100.1473432,19.0120615],[100.1448638,19.0117538],[100.1398054,19.0109605],[100.1373868,19.0109393],[100.131573,19.0124976],[100.1273385,19.0186116],[100.1240807,19.0185818],[100.1202661,19.0192939],[100.1153449,19.0220098],[100.1134373,19.0248112],[100.1100503,19.0150046],[100.1102028,19.0121324],[100.1125145,19.0047358],[100.1118894,19.0017982],[100.1185878,18.9967969],[100.1203201,18.9874406],[100.1193204,18.9847854],[100.1183213,18.9772438],[100.1262407,18.9764526],[100.1298422,18.9726309],[100.1292242,18.9683175],[100.1272253,18.9635257],[100.1284153,18.9601412],[100.1285148,18.9565791],[100.1252189,18.9539617],[100.120954,18.9520831],[100.1228465,18.9447397],[100.1243109,18.9432579],[100.1259284,18.938844],[100.1210456,18.933166],[100.1186734,18.9243461],[100.1242732,18.9197952],[100.1200469,18.9145819],[100.1159038,18.9128198],[100.1134394,18.9117627],[100.1185288,18.9045651],[100.1226867,18.8994841],[100.1273639,18.8969392],[100.1295307,18.8917821],[100.1298054,18.8893123],[100.1315148,18.8821406],[100.1329185,18.8803699],[100.139991,18.8789972],[100.1426993,18.8799418],[100.1467585,18.8784236],[100.1516948,18.8795599],[100.153587,18.8775082],[100.1545176,18.8752174],[100.1562496,18.8656292],[100.1564634,18.8624685],[100.1562572,18.8591309],[100.1561276,18.854932],[100.1585543,18.8479951],[100.1595769,18.8430616],[100.1591574,18.8359583],[100.1591554,18.8344966],[100.1607042,18.8325129],[100.1618683,18.8313899],[100.1670917,18.8272982],[100.1684046,18.8272293],[100.1695095,18.8262497],[100.1712723,18.8248367],[100.1723823,18.8246009],[100.1734758,18.8263106],[100.1750645,18.8301056],[100.1767289,18.8318116],[100.1777314,18.831905],[100.1788421,18.8310831],[100.1802199,18.8304735],[100.1818415,18.8303488],[100.1841583,18.8308205],[100.1855405,18.8308403],[100.1860924,18.8299837],[100.1861198,18.827963],[100.1861275,18.8261009],[100.1862362,18.8238024],[100.1871314,18.8230452],[100.1871955,18.8220924],[100.1868826,18.8209337],[100.1877852,18.8192837],[100.1883878,18.8183126],[100.1904645,18.8175256],[100.1930957,18.8161546],[100.1948179,18.8155149],[100.1953737,18.8151245],[100.1958782,18.8146376],[100.1979088,18.8145279],[100.198922,18.8141828],[100.1997853,18.8141773],[100.2012635,18.8149415],[100.2032464,18.8152673],[100.205496,18.8153145],[100.2063872,18.8163798],[100.2078567,18.8196598],[100.2105049,18.8192601],[100.2121852,18.8183312],[100.2140312,18.8180897],[100.2163624,18.818304],[100.2186244,18.8200487],[100.2192758,18.8212684],[100.2219251,18.8210216],[100.2233838,18.8227715],[100.2260141,18.8254317],[100.2270573,18.8252718],[100.2279343,18.8243481],[100.2303387,18.8235672],[100.2341143,18.8235423],[100.2353896,18.8221569],[100.2366648,18.8207714],[100.238513,18.8208357],[100.2388271,18.8198391],[100.2419583,18.8195888],[100.2442867,18.8194203],[100.2467758,18.8192506],[100.2487105,18.8201557],[100.251039,18.8199871],[100.2524001,18.819366],[100.2544767,18.8177455],[100.2561739,18.8191111],[100.2576725,18.8207839],[100.2607974,18.8196919],[100.2632882,18.819608],[100.2635021,18.8195977],[100.2636084,18.8195963],[100.2668227,18.8197275],[100.2680277,18.8197193],[100.2697909,18.8191719],[100.2721566,18.8186203],[100.2740862,18.8188366],[100.2771474,18.8199631],[100.2812453,18.820088],[100.2834934,18.8199195],[100.2858946,18.8187555],[100.2874191,18.8185155],[100.2896642,18.8179645],[100.2915903,18.8177217],[100.2944053,18.8181612],[100.2970523,18.8182141],[100.2991405,18.8175928],[100.3009071,18.817504],[100.3029218,18.8183314],[100.3068502,18.8164347],[100.3070303,18.8146308],[100.3092611,18.8122437],[100.3111776,18.8107768],[100.3125443,18.8109202],[100.3142401,18.8120557],[100.3163584,18.8125567],[100.3180183,18.8124115],[100.3207416,18.8113978],[100.3225884,18.8113082],[100.3241709,18.8116995],[100.3257972,18.81075],[100.3274912,18.8116559],[100.3298332,18.8132456],[100.3312389,18.8132356],[100.3328363,18.8120768],[100.3366206,18.8131971],[100.3383086,18.813338],[100.3395593,18.8089687],[100.3403365,18.8056738]]]}},
{"type":"Feature","properties":{"id":3,"amphoe_e":"Chun","province_t":"พะเยา","province_e":"Phayao","amp_code":5602.0,"prov_code":56.0,"area__km":532.0,"amphoe_t":"อำเภอจุน","status_amp":4},"geometry":{"type":"Polygon","coordinates":[[[100.1325258,19.4867407],[100.1330518,19.4889851],[100.1319687,19.4943185],[100.1325333,19.4986906],[100.1314804,19.500746],[100.1304271,19.5029235],[100.130575,19.5030221],[100.1329463,19.5046044],[100.1329527,19.5046087],[100.1401091,19.503118],[100.1447327,19.50706],[100.1453123,19.5090194],[100.1453961,19.5128094],[100.1455332,19.5176359],[100.1511031,19.5174514],[100.1528652,19.5230356],[100.1564742,19.5250772],[100.1529719,19.5304487],[100.1519496,19.5362969],[100.1516672,19.540489],[100.1543421,19.5460204],[100.1529594,19.5462679],[100.1517025,19.5465145],[100.1506973,19.5467596],[100.1465795,19.5471676],[100.1445674,19.5474094],[100.141951,19.5476398],[100.1371877,19.548403],[100.1351273,19.5486603],[100.1297186,19.5493051],[100.121123,19.5503973],[100.1150074,19.5513515],[100.1105659,19.552112],[100.1081213,19.5527379],[100.1065789,19.5533583],[100.1052913,19.5535494],[100.1035497,19.5533157],[100.1019293,19.5531423],[100.1004029,19.5537626],[100.0988862,19.5543148],[100.0972684,19.5541682],[100.0965893,19.5537657],[100.0952987,19.5532105],[100.0940451,19.5532494],[100.0928262,19.5535383],[100.0912026,19.5534242],[100.0877349,19.5520677],[100.0866102,19.5516365],[100.0857193,19.5516419],[100.0842058,19.5519757],[100.0836764,19.5520608],[100.0830977,19.5518766],[100.0822351,19.5511623],[100.0812703,19.5499795],[100.0801103,19.5492044],[100.0792697,19.5491967],[100.0783264,19.548871],[100.0776596,19.5478428],[100.0765966,19.5467543],[100.0759031,19.5466646],[100.0741186,19.5462374],[100.0730238,19.5453368],[100.0711504,19.5439403],[100.0702847,19.5427568],[100.0690228,19.5415131],[100.0678629,19.540738],[100.0669682,19.540149],[100.0668624,19.5391174],[100.0675794,19.5377681],[100.0681296,19.5361383],[100.0691152,19.5330045],[100.0694379,19.5319079],[100.0694299,19.530688],[100.0688612,19.5295027],[100.0678299,19.5281951],[100.0668998,19.5272309],[100.0659842,19.5259539],[100.0660086,19.52464],[100.0660993,19.5233883],[100.0664841,19.5216969],[100.0667145,19.5190993],[100.066669,19.5171916],[100.0666212,19.5149397],[100.066048,19.513035],[100.0652483,19.5118199],[100.0649039,19.510693],[100.0651222,19.5101941],[100.0660679,19.5085307],[100.066851,19.5072123],[100.0665474,19.5065592],[100.0652875,19.5052196],[100.0648837,19.5040021],[100.0647832,19.5012501],[100.0670729,19.4982963],[100.0672611,19.4968251],[100.067193,19.493979],[100.0693733,19.4894619],[100.0694298,19.4880227],[100.0693183,19.4861153],[100.0695935,19.4854298],[100.0701507,19.4847966],[100.0700153,19.4842657],[100.0692827,19.4832065],[100.0688792,19.4820203],[100.0678463,19.4804311],[100.0672117,19.4792149],[100.0669073,19.4780594],[100.0673283,19.4768683],[100.065864,19.4723413],[100.0656223,19.4706849],[100.0665043,19.4693973],[100.0681894,19.4673542],[100.0692346,19.4658153],[100.0698474,19.4637159],[100.0700023,19.4621823],[100.069797,19.4610575],[100.0698201,19.4595559],[100.0703696,19.4578636],[100.0702611,19.456394],[100.0694757,19.4554696],[100.068403,19.4546533],[100.0677042,19.4536878],[100.0672203,19.4528148],[100.066597,19.4507853],[100.0659285,19.4494129],[100.065096,19.4481666],[100.0649594,19.447448],[100.0650221,19.4469471],[100.0651503,19.4463833],[100.0655421,19.4457867],[100.0661635,19.4450011],[100.0669333,19.4442146],[100.0682122,19.4431435],[100.0690461,19.4420751],[100.0698265,19.4400014],[100.0700776,19.4384718],[100.0701378,19.437616],[100.0703295,19.4366561],[100.0705556,19.4359354],[100.0711452,19.4353376],[100.0719357,19.4352078],[100.0724021,19.4346864],[100.0693929,19.4320948],[100.0681337,19.4311325],[100.066985,19.4319526],[100.0655706,19.4324613],[100.0640277,19.4335026],[100.0630422,19.4340714],[100.0623824,19.4340127],[100.0620147,19.4332329],[100.0611529,19.4325498],[100.0604614,19.4326789],[100.0602027,19.4334625],[100.060406,19.4343058],[100.0599137,19.4346528],[100.0593232,19.4351254],[100.0587255,19.434472],[100.0577177,19.4341338],[100.0568638,19.4346706],[100.0561437,19.435488],[100.0550468,19.4341181],[100.0558652,19.4332062],[100.0550043,19.4326482],[100.0544044,19.4316507],[100.0533223,19.4314652],[100.0540415,19.4235216],[100.0547285,19.4214055],[100.0562775,19.4181999],[100.0560411,19.4118241],[100.0560027,19.4097551],[100.0522645,19.4032323],[100.0515013,19.4008106],[100.052936,19.3962322],[100.0531418,19.394164],[100.0524475,19.3913443],[100.052234,19.3885827],[100.0520208,19.3855975],[100.0534245,19.379002],[100.0566595,19.3755857],[100.0578958,19.3734121],[100.0571326,19.3708796],[100.0588722,19.3662972],[100.0585593,19.3617019],[100.0552865,19.3570764],[100.0564385,19.3504236],[100.0583919,19.3491201],[100.0662196,19.3463726],[100.0688218,19.3460502],[100.0714994,19.3445231],[100.0716372,19.3423966],[100.0709353,19.3403269],[100.0703021,19.3375611],[100.0762375,19.336121],[100.0793427,19.3342502],[100.0791903,19.3316103],[100.0774129,19.3277443],[100.0758638,19.3256639],[100.0721943,19.3237359],[100.0711339,19.321142],[100.0740865,19.3160554],[100.0752004,19.3136542],[100.0739188,19.3088726],[100.0735224,19.3062839],[100.0746362,19.3042261],[100.0873014,19.3005457],[100.0950149,19.3028512],[100.0976519,19.3023624],[100.0976847,19.3023563],[100.1010651,19.3024421],[100.1043076,19.2923608],[100.105666,19.2841004],[100.1014087,19.2802744],[100.0975784,19.2768525],[100.096228,19.2730496],[100.0963122,19.2704083],[100.1003864,19.2684297],[100.1034689,19.2619661],[100.104766,19.2595073],[100.1069253,19.2549897],[100.1070705,19.2525197],[100.1075812,19.2499413],[100.1073069,19.2416659],[100.1073909,19.2394854],[100.1074671,19.2373592],[100.1072158,19.232244],[100.1078492,19.2294367],[100.1079482,19.2259323],[100.1088105,19.2239301],[100.1099318,19.2210114],[100.1109927,19.2178582],[100.1119232,19.2150536],[100.1159212,19.2079065],[100.11834,19.2018963],[100.1180272,19.1971271],[100.1174169,19.1914358],[100.1207363,19.1858335],[100.1205834,19.1831891],[100.1186684,19.1755336],[100.1212167,19.1682032],[100.1181501,19.1613431],[100.1172119,19.1582878],[100.1174254,19.1547895],[100.1178145,19.1522073],[100.1179292,19.1483165],[100.1234454,19.146688],[100.1290529,19.1476567],[100.1310212,19.1498607],[100.1299228,19.1562899],[100.1313337,19.1652722],[100.1320893,19.1684415],[100.1357891,19.1777326],[100.1356364,19.1807765],[100.1377268,19.1885595],[100.1398177,19.1909365],[100.1455625,19.2015656],[100.1532144,19.203876],[100.1605234,19.2100919],[100.1621333,19.2124649],[100.1629201,19.2127219],[100.1697246,19.2149445],[100.1727382,19.2153702],[100.1826416,19.222646],[100.1836411,19.225068],[100.1945436,19.2291876],[100.1952378,19.2317832],[100.2015776,19.232695],[100.2069261,19.230559],[100.2126714,19.2289759],[100.2165319,19.2360141],[100.2211856,19.2421388],[100.2215518,19.248231],[100.2223144,19.2566202],[100.2273497,19.2608559],[100.224748,19.2679574],[100.2301724,19.2692063],[100.2437075,19.2686788],[100.2427922,19.2633855],[100.2536641,19.2642149],[100.2631476,19.2638876],[100.2687707,19.2638148],[100.2649025,19.2707945],[100.2650698,19.27872],[100.2613847,19.2848965],[100.2610336,19.2906931],[100.252824,19.2961461],[100.2456142,19.3042463],[100.2442408,19.3088887],[100.2495434,19.3110527],[100.2476128,19.3169572],[100.2457664,19.3207332],[100.2404336,19.3220119],[100.2340169,19.3228235],[100.2344289,19.3302368],[100.232511,19.3336468],[100.2317278,19.3350395],[100.239823,19.3358498],[100.2416765,19.337703],[100.2399297,19.3432041],[100.2350996,19.3492547],[100.2300794,19.3627677],[100.2247463,19.3700232],[100.2217628,19.371952],[100.2181385,19.3846173],[100.212371,19.3873892],[100.213042,19.3925622],[100.2077622,19.4017099],[100.2043516,19.4098375],[100.208067,19.413888],[100.2145676,19.4169823],[100.2140407,19.4212868],[100.2118281,19.4248888],[100.2119581,19.4308627],[100.2079445,19.4326695],[100.2062741,19.4368506],[100.2075708,19.4404201],[100.2092722,19.4462933],[100.2095084,19.4530143],[100.2073111,19.4613259],[100.1992616,19.4678105],[100.2056783,19.4675759],[100.2063723,19.4713143],[100.2031221,19.4753049],[100.1884581,19.4782931],[100.1819806,19.4787579],[100.1758538,19.4803745],[100.1689951,19.4819278],[100.163204,19.4807317],[100.15575,19.4814752],[100.1464342,19.4818597],[100.135768,19.4830361],[100.1325258,19.4867407]]]}},
{"type":"Feature","properties":{"id":5,"amphoe_e":"Mae Chai","province_t":"พะเยา","province_e":"Phayao","amp_code":5607.0,"prov_code":56.0,"area__km":301.0,"amphoe_t":"อำเภอแม่ใจ","status_amp":2},"geometry":{"type":"Polygon","coordinates":[[[99.8687747,19.3451845],[99.8684927,19.3485701],[99.871262,19.3547446],[99.8812261,19.3507635],[99.8848425,19.3462029],[99.8912285,19.3536156],[99.8933114,19.3565084],[99.8951118,19.3630193],[99.8929524,19.367076],[99.8887868,19.3718022],[99.8873978,19.3769597],[99.8946611,19.3761674],[99.8927311,19.38086],[99.8941728,19.3867899],[99.8986589,19.3912001],[99.901215,19.3903042],[99.904877,19.3921181],[99.9068682,19.3929441],[99.9085087,19.3972643],[99.908173,19.4003655],[99.9196873,19.4123724],[99.9192005,19.4153181],[99.9188046,19.4175146],[99.9183289,19.4200213],[99.9172138,19.4225571],[99.9164535,19.4252718],[99.9155048,19.4283747],[99.9149743,19.4308301],[99.9143876,19.4329759],[99.9120594,19.4327294],[99.9093091,19.4324334],[99.907265,19.4318756],[99.9057916,19.4311859],[99.9043949,19.4295922],[99.9013852,19.4266639],[99.9003745,19.4259719],[99.8998031,19.4259747],[99.898749,19.4272966],[99.8968257,19.4313853],[99.8961309,19.4337124],[99.895402,19.4372788],[99.8946195,19.4384961],[99.8920183,19.4406001],[99.8896751,19.4425996],[99.8889212,19.4441007],[99.8875607,19.4466634],[99.8862091,19.4483739],[99.8847712,19.4492071],[99.8829207,19.4492678],[99.8808509,19.4490197],[99.8803628,19.4493577],[99.8797866,19.4510128],[99.8789327,19.4541925],[99.8783672,19.4550747],[99.8774168,19.4557231],[99.8759745,19.4557817],[99.8741766,19.4555064],[99.872051,19.4550261],[99.8704618,19.4530458],[99.8691065,19.451529],[99.8680648,19.4501398],[99.8663646,19.4477469],[99.8652422,19.446513],[99.8637694,19.4459262],[99.8607488,19.446018],[99.8584783,19.446416],[99.8573649,19.446886],[99.8557054,19.447023],[99.8538558,19.4472382],[99.8523853,19.4470902],[99.8509664,19.4463998],[99.8491683,19.4460468],[99.8467023,19.4454903],[99.84447,19.4453974],[99.8426736,19.44538],[99.8415866,19.4456948],[99.8394128,19.4463762],[99.8370029,19.4461549],[99.8334095,19.4459908],[99.8291377,19.4462427],[99.8274638,19.4462245],[99.8258056,19.4466193],[99.8226543,19.4477955],[99.818903,19.4487161],[99.8165786,19.4492687],[99.8131542,19.4502652],[99.8108143,19.4504306],[99.8084738,19.4504669],[99.8058081,19.4508144],[99.8053738,19.4510487],[99.8045579,19.4511814],[99.8037943,19.450852],[99.8021885,19.450882],[99.7997497,19.4507501],[99.7957986,19.4510674],[99.7928722,19.4507803],[99.7861532,19.4508845],[99.7824172,19.4466263],[99.781336,19.4456804],[99.7786386,19.4440745],[99.7757236,19.4421505],[99.7748839,19.4423136],[99.773902,19.4428873],[99.7731091,19.4427996],[99.7724846,19.4427795],[99.7710451,19.4430817],[99.7695051,19.4424504],[99.7678357,19.4423663],[99.766705,19.4419383],[99.765406,19.4414654],[99.7646873,19.4418557],[99.7620203,19.4422238],[99.7596827,19.4424007],[99.7577828,19.4418163],[99.756675,19.4411375],[99.7554743,19.4411425],[99.7543644,19.4400308],[99.7524607,19.436478],[99.7506365,19.4361962],[99.7489503,19.4350641],[99.7480341,19.4342477],[99.7474629,19.4327465],[99.7471004,19.4322468],[99.7454916,19.4322762],[99.7448172,19.4318233],[99.7428,19.4318316],[99.742222,19.4314467],[99.7418139,19.4314711],[99.7413344,19.4316553],[99.7404204,19.4313174],[99.7397194,19.4303178],[99.738802,19.4292281],[99.7369167,19.4291674],[99.7351831,19.4281264],[99.7345546,19.4272177],[99.7341998,19.4257384],[99.7328979,19.4245818],[99.7314326,19.424451],[99.7295604,19.4246408],[99.7282648,19.4248738],[99.727111,19.424605],[99.7256189,19.4238592],[99.7245126,19.4234763],[99.7235735,19.4228878],[99.7211243,19.4228975],[99.7196097,19.4226589],[99.7184197,19.4221792],[99.7171479,19.4223665],[99.7159918,19.4215509],[99.7151922,19.4199138],[99.7145666,19.4196201],[99.7139199,19.4199871],[99.7134181,19.4205586],[99.7117908,19.421818],[99.7104747,19.4228711],[99.7090237,19.4232869],[99.7082343,19.4239734],[99.7074699,19.4249104],[99.7067271,19.4252778],[99.7061499,19.425075],[99.7057618,19.4241653],[99.7053246,19.4230051],[99.7048881,19.4220272],[99.7035805,19.4222601],[99.702645,19.4224915],[99.7020197,19.4222661],[99.7012232,19.4213124],[99.7003297,19.4201312],[99.6996803,19.4198831],[99.6965829,19.4199178],[99.6953604,19.4204236],[99.6942791,19.4202455],[99.6923216,19.4201163],[99.6891746,19.4197865],[99.6879272,19.4200874],[99.686128,19.4204815],[99.6831342,19.4223381],[99.68293,19.4223161],[99.6830168,19.420106],[99.6829235,19.4178737],[99.6835186,19.4166413],[99.6844966,19.4150884],[99.6853627,19.4126247],[99.6854036,19.4109387],[99.6854531,19.4084097],[99.6852682,19.4072714],[99.6854571,19.4064961],[99.6861258,19.4056506],[99.6870823,19.4047357],[99.6872964,19.4042565],[99.6872018,19.4017281],[99.6871278,19.4012727],[99.6874222,19.3998501],[99.6871457,19.3985441],[99.6877953,19.3972774],[99.6886467,19.3956886],[99.6886765,19.3947242],[99.6885599,19.3938462],[99.6897486,19.3919346],[99.6904737,19.3898534],[99.691413,19.3877071],[99.6927254,19.385688],[99.6932378,19.3840576],[99.6942788,19.3819323],[99.6951338,19.3812219],[99.6958095,19.3808337],[99.696167,19.3799538],[99.6957572,19.3791625],[99.694806,19.3784805],[99.6939575,19.3780338],[99.6938195,19.3774558],[99.6941782,19.376833],[99.6948534,19.3763376],[99.694817,19.3752914],[99.6945094,19.3742564],[99.6943214,19.3728372],[99.694417,19.3715512],[99.6940178,19.3703082],[99.6937805,19.369251],[99.6931899,19.3682363],[99.6929246,19.3676616],[99.6927564,19.3661272],[99.692743,19.3653597],[99.6920506,19.3641726],[99.6920475,19.3610449],[99.6924466,19.3597962],[99.6937424,19.3580828],[99.694752,19.3575615],[99.694747,19.3563718],[99.6951043,19.3548162],[99.6957599,19.3544875],[99.6966081,19.3542732],[99.6984639,19.3533067],[99.6991183,19.3526901],[99.6995801,19.35194],[99.7001408,19.3506906],[99.7002571,19.3495196],[99.7004717,19.3476767],[99.7006313,19.3471964],[99.7029386,19.3478207],[99.7039991,19.3476247],[99.7054696,19.3464102],[99.7068193,19.3453112],[99.7072001,19.3445422],[99.7072384,19.3417022],[99.7081845,19.3407774],[99.7082832,19.3402206],[99.7080984,19.3395497],[99.7078613,19.3384761],[99.707233,19.3381139],[99.7067668,19.3378087],[99.7068235,19.3368875],[99.7080902,19.3353091],[99.7083652,19.3320564],[99.7084732,19.3303762],[99.7080855,19.3295334],[99.7071308,19.3284433],[99.7062173,19.327545],[99.7060437,19.3271235],[99.705938,19.3260494],[99.7052864,19.3249198],[99.7047473,19.3241351],[99.7046579,19.3221399],[99.704103,19.3199929],[99.7015151,19.3174508],[99.7132546,19.317231],[99.7151242,19.3179986],[99.7171079,19.318594],[99.730017,19.3163762],[99.7320156,19.3156475],[99.7431171,19.3075509],[99.7449556,19.3055011],[99.7468022,19.3031643],[99.7550495,19.3008395],[99.7570489,19.3003433],[99.7590553,19.2996752],[99.7648612,19.2944481],[99.7667536,19.2930914],[99.775619,19.2896765],[99.7776032,19.2901583],[99.7865677,19.2936375],[99.7891617,19.2941255],[99.7918164,19.2946088],[99.7941666,19.2949804],[99.7970733,19.2944346],[99.8068468,19.296086],[99.8116151,19.3015321],[99.8135223,19.304194],[99.8223422,19.3096262],[99.8312231,19.3100581],[99.831139,19.3121279],[99.8250964,19.3169492],[99.8257296,19.3198291],[99.8308183,19.3237821],[99.8327108,19.3223683],[99.8365482,19.319477],[99.8385622,19.318232],[99.8418892,19.3182664],[99.8482366,19.32304],[99.8544774,19.322123],[99.8598336,19.3241875],[99.865174,19.3272844],[99.867295,19.3322445],[99.8679967,19.3342066],[99.8689276,19.3372],[99.8687747,19.3451845]]]}}
]
}
