{
"type": "FeatureCollection",
"name": "amphoe",
"crs": { "type": "name", "properties": { "name": "urn:ogc:def:crs:OGC:1.3:CRS84" } },
"features": [
{"type":"Feature","properties":{"id":4,"amphoe_e":"Dok Khamtai","province_t":"พะเยา","province_e":"Phayao","amp_code":5605.0,"prov_code":56.0,"area__km":723.0,"amphoe_t":"อำเภอดอกคำใต้","status_amp":2},"geometry":{"type":"MultiPolygon","coordinates":[[[[100.007538506336203,19.063616461657112],[100.003555836027545,19.068348467801208],[100.000587884655062,19.069182400033739],[99.997345739593456,19.072543484681315],[99.993126231011544,19.081476300201853],[99.9930597661305,19.081580258621297],[99.986915410227127,19.091190071315733],[99.986404170625534,19.093140186528665],[99.983657827995771,19.100300526813157],[99.982833327486759,19.104145463442858],[99.98091839172325,19.107460793246094],[99.978080342519107,19.112439219356506],[99.974578050720012,19.11694670512539],[99.972869096063647,19.118654619729703],[99.964262696176831,19.125470567828707],[99.96224844529786,19.127234209136684],[99.953481895283204,19.137671928879509],[99.95187980518935,19.139955189174255],[99.942983816572337,19.146249837205868],[99.941274332955615,19.147555350982699],[99.929990303297103,19.155781893003716],[99.928036885348661,19.157714309913796],[99.920491462028252,19.161491174648607],[99.924199121319063,19.165039761811091],[99.930280034234599,19.166538505893044],[99.934819715117783,19.166007145251879],[99.935727155681533,19.171248263243729],[99.937062377660268,19.175920143191071],[99.941541043114668,19.179988532290835],[99.941853661875342,19.189077707817049],[99.94721688859903,19.190570494601054],[99.948460491571282,19.192651509970986],[99.952870441471958,19.192811644762713],[99.955334944756501,19.194445732420363],[99.958898128690009,19.194449730407317],[99.961888620954227,19.197176652214893],[99.965619579281039,19.198417637538366],[99.964993655976741,19.200363779304254],[99.963910237410062,19.205009718829587],[99.965161314840046,19.206686183344988],[99.970959737453683,19.207141274383989],[99.973767637165707,19.209579782356826],[99.972653545012207,19.212210792357055],[99.975255214642516,19.211718034120697],[99.978070723469301,19.213810784547025],[99.980802196842234,19.213150080128237],[99.987821263896834,19.217461165567293],[99.991200950299628,19.217323181680467],[99.991528950978051,19.221060226919551],[99.994633970424275,19.224075112214834],[99.994519894162622,19.229127084240034],[99.99658736203537,19.233683745562331],[100.003957380753931,19.238979465768473],[100.005147156866045,19.240829911487932],[100.007130857912713,19.24756691310299],[100.007710766150268,19.24992672843976],[100.012257904804173,19.259502743643651],[100.012951757587388,19.262094589638814],[100.009869637995337,19.273384465112272],[100.012135562269208,19.276676967556032],[100.012989848172069,19.281165543834209],[100.018483335039775,19.28207929967483],[100.016766403840663,19.284415710946487],[100.015416100037115,19.286413467511956],[100.015781940698957,19.291243596640061],[100.017490984148012,19.295510510096296],[100.023045037962603,19.301590260993276],[100.024471667891859,19.303728374905678],[100.023418647345991,19.306476789796115],[100.022846494823341,19.309170546188689],[100.02179377412817,19.311114723087332],[100.019306474183267,19.312240095159613],[100.016574882776851,19.313018899047119],[100.014148697976196,19.31403316816629],[100.011875455221201,19.317285297615584],[100.011905746594877,19.320273880095481],[100.01108142121268,19.323886186430077],[100.00979202122619,19.325883571008806],[100.008975752916157,19.333919081427311],[100.006305123537189,19.340442221520757],[100.006274776450027,19.343257188048497],[100.006671427298926,19.345843888434501],[100.003154008589888,19.346848241792465],[100.000178326302787,19.348199711483463],[100.000682274941823,19.351709796932791],[100.000102232980169,19.355435927657613],[100.000727629444867,19.358658440912841],[99.998469390678707,19.360995417703428],[99.99711105269472,19.363566903480017],[99.997362972693438,19.368395409318225],[100.00053660861613,19.371237968565712],[100.000261794775241,19.374280179232436],[100.002283519861081,19.377228427090365],[100.000254396947525,19.380770507485199],[100.00379417175175,19.383100433670094],[100.009653764598397,19.383382014839281],[100.011858825605557,19.386674759818554],[100.010073307613482,19.389361664443346],[100.01040875073889,19.391833465404659],[100.007212080127587,19.391629812106633],[100.004038169939946,19.394360491777551],[99.999742701987884,19.394438378244924],[99.995744668815206,19.394688482410555],[99.993882937084436,19.399094802562526],[99.994348355054001,19.401050862920432],[99.994599949003984,19.405820620421771],[99.993104630150441,19.409425220549139],[99.993371861005201,19.413047289519753],[99.993318378129374,19.418157569774408],[99.994501076293375,19.420297201174332],[99.999185291926892,19.417580958597139],[100.002214597448756,19.417491979804474],[100.006791924191162,19.418912458201074],[100.005517848207887,19.424876629037776],[100.003755508474356,19.430351018656712],[100.005417158673922,19.429524770534378],[100.006791508042156,19.429889074288951],[100.008048449606676,19.429377350606426],[100.009330559344903,19.427991944364638],[100.00991997402339,19.426365023691375],[100.01056201673785,19.426042662878594],[100.011518967740869,19.426834305586802],[100.012477903022116,19.427944720113874],[100.013013542170825,19.428526177516456],[100.012794474078916,19.429324370462659],[100.011400226815411,19.429847744238486],[100.010478104122441,19.430585865994519],[100.00993483875763,19.431829920656867],[100.009454989661009,19.432928738556335],[100.008566183102474,19.433864080319772],[100.008659374477517,19.435351241795928],[100.008771327522254,19.437608703761224],[100.009561802768573,19.438640369958463],[100.010405499821985,19.439220119362599],[100.011526105433745,19.439293573516267],[100.012949634794694,19.438541794530668],[100.014122282561559,19.437977366539446],[100.015932743532545,19.438657947298466],[100.016995521069873,19.438439469437832],[100.017804947947141,19.438009881466176],[100.017742155974318,19.436921042559472],[100.017962035700293,19.436255668478491],[100.020204370351394,19.436588430889731],[100.02199834340189,19.436870559364866],[100.02376398642501,19.437099698460198],[100.025903660664341,19.436689132199604],[100.027105919030419,19.436390110880037],[100.027527789891977,19.436679944244482],[100.027254952041446,19.437823808446996],[100.027455146950629,19.438486814415537],[100.029057149295696,19.439407531855345],[100.030909517595632,19.440061156710829],[100.031894482393582,19.440825958871581],[100.031982856051442,19.441516160136878],[100.030865586464444,19.441974125174077],[100.030840769819505,19.442479011364735],[100.031264676555708,19.443087609770554],[100.032192479486554,19.443666775496826],[100.032982187738398,19.443566469378904],[100.034064355467763,19.442621903528973],[100.034722424976835,19.442399191608526],[100.03581330527895,19.442830887871938],[100.036539304244542,19.442920581914663],[100.037128445245912,19.442229054731161],[100.038185561659773,19.442535809444976],[100.038553634197825,19.443378263383195],[100.038760427311672,19.444784679921018],[100.039485838568098,19.444780525097933],[100.040408690325364,19.444712675248681],[100.041481779805366,19.44409458168165],[100.042183652497826,19.443826648391521],[100.043570318090985,19.444100197576859],[100.044689800568193,19.44384351528705],[100.045104199505857,19.443393654566755],[100.045109639933401,19.442464779061869],[100.045680351679181,19.44203931462895],[100.046230310935258,19.442395760660592],[100.046993295643759,19.44311079839429],[100.047652350532999,19.443044434228188],[100.048207265576551,19.442165390932747],[100.048727193518019,19.440973748916921],[100.049550095333103,19.440750031517322],[100.050605007964208,19.440712646889978],[100.050863150337733,19.43983531417749],[100.050165506121957,19.439026074620379],[100.050324733351232,19.438149314899942],[100.050451792196114,19.437397860981452],[100.049389264204336,19.436246649824703],[100.049221192401404,19.435747142287585],[100.049809047112873,19.434867904347925],[100.05052717021313,19.433737671169997],[100.051115011003446,19.432858429474887],[100.051733399856033,19.431603649693098],[100.053322274535589,19.431465219626261],[100.054041525708243,19.423521633355882],[100.054728503162892,19.421405459149742],[100.056277496765915,19.418199940948625],[100.05604108010364,19.411824094170928],[100.056002722667898,19.409755051244066],[100.052264458363382,19.403232337447623],[100.051501331384273,19.400810557357627],[100.052936039180238,19.396232237425764],[100.053141757083267,19.394164034115164],[100.052447527044876,19.391344266047199],[100.052233977221533,19.388582706900273],[100.052020786001918,19.385597500133169],[100.053424545782846,19.379002037726121],[100.056659539156726,19.375585695305475],[100.057895803143424,19.373412101140776],[100.057132637416615,19.370879642318062],[100.058872207151737,19.366297248664033],[100.058559296067614,19.361701934948982],[100.055286547693058,19.357076353045993],[100.05643853045359,19.350423586262952],[100.058391850037836,19.349120078769463],[100.066219643331706,19.346372630370468],[100.068821801637895,19.346050155851344],[100.071499383893951,19.344523137645929],[100.071637223421774,19.342396578801623],[100.07093534236553,19.340326913592293],[100.070302122990512,19.337561059075515],[100.076237468394581,19.336120993066341],[100.079342704284258,19.334250229055247],[100.079190310412457,19.331610326152287],[100.077412885954033,19.327744341380296],[100.075863782293951,19.325663882584347],[100.072194287728209,19.3237359465281],[100.071133922621655,19.321142026333089],[100.074086468424412,19.316055387924877],[100.075200438525059,19.31365424822809],[100.073918806845427,19.308872636709605],[100.073522399356094,19.306283851712898],[100.074636182545149,19.304226090422116],[100.087301421231544,19.300545672486216],[100.095014888457271,19.302851217705637],[100.097651886294059,19.302362358446036],[100.097684730006392,19.302356269465523],[100.101065086416412,19.302442085876791],[100.104307638049406,19.292360811375001],[100.105665984938867,19.284100377229993],[100.101408717653186,19.280274449495401],[100.09757838067749,19.27685247457319],[100.09622802588396,19.273049590845087],[100.096312156017134,19.270408275808375],[100.100386373957079,19.268429733959245],[100.103468862816527,19.261966139013886],[100.104766032930684,19.259507258137258],[100.106925285011286,19.254989694734967],[100.107070458252451,19.25251969465792],[100.10758119544704,19.249941306939334],[100.107306861425613,19.24166586915532],[100.107390942809431,19.239485392118375],[100.107467063218039,19.237359179645644],[100.107215752032616,19.232243983147583],[100.107849169833045,19.229436687521261],[100.10794815313082,19.225932321861062],[100.108810486130679,19.223930114439661],[100.109931806595654,19.221011424258105],[100.110992656582866,19.217858154808724],[100.111923239076233,19.215053562276445],[100.115921222967586,19.207906517851114],[100.118339960615899,19.201896294460269],[100.118027160821541,19.197127114029712],[100.117416896419968,19.191435794808619],[100.120736266668416,19.185833459769988],[100.120583449417424,19.183189057401059],[100.118668352179725,19.175533552554924],[100.121216729824994,19.168203225147952],[100.11815005814428,19.161343129352154],[100.117211863076975,19.1582878283822],[100.117425428029392,19.154789522435472],[100.117814527147928,19.152207321721839],[100.117929164241431,19.148316540838643],[100.117776781356724,19.145543353634185],[100.118005720558486,19.140888315656884],[100.117341602953829,19.135536138745461],[100.116281307746789,19.132763941182294],[100.114717491424642,19.127116749041967],[100.11462588098172,19.124354476864404],[100.114435167166036,19.119925618597065],[100.112337345576705,19.112490186866523],[100.111757249198462,19.110413094686859],[100.11233714119777,19.101795782667676],[100.113329200322383,19.099562350794375],[100.114023604280632,19.097152248552941],[100.111872046193426,19.0898887941553],[100.109179295090598,19.081697820922521],[100.113100890674815,19.07713571120345],[100.115672100328524,19.074167567026251],[100.116923287371932,19.070211140230356],[100.121760685759853,19.069678008255355],[100.123652876259328,19.06814387941991],[100.126757762553936,19.065355325095208],[100.128177348043252,19.062721616240726],[100.127773128495036,19.055644177498369],[100.12162360215936,19.049555056835644],[100.121524168956583,19.04730788481087],[100.123897059872306,19.040373919100464],[100.121722866160027,19.034890811618652],[100.115733801953724,19.035871379540342],[100.113902666086872,19.032003591999132],[100.113437269039224,19.02481122402661],[100.110050300826472,19.015004579413599],[100.110202841871725,19.012132364324604],[100.112514529354996,19.004735775220041],[100.111889383536166,19.001798201673498],[100.118587823770653,18.99679686779243],[100.120320059602392,18.98744055049524],[100.119320352858978,18.984785393252452],[100.118321317004856,18.977243813393248],[100.126240701335959,18.976452581131912],[100.129842152028075,18.972630865303625],[100.12922421389591,18.968317521836816],[100.127225336288049,18.963525745305784],[100.128415305348383,18.960141166585025],[100.128514814489279,18.956579107751207],[100.125218915750182,18.95396165576285],[100.120954016036421,18.952083077099182],[100.122846454693885,18.94473973485773],[100.124310886170122,18.943257933184313],[100.125928353000816,18.938844017172055],[100.121045568678795,18.933165977061865],[100.118673401130508,18.924346077446582],[100.124273200743374,18.919795176525977],[100.120046930453512,18.914581859522333],[100.115903753413662,18.912819848261531],[100.113439369464217,18.911762691953417],[100.118528799078561,18.904565096923509],[100.122686675699086,18.899484141132945],[100.12736386103515,18.896939184875013],[100.129530672512928,18.891782051670877],[100.129805442010976,18.889312311331096],[100.131514757653463,18.882140557746368],[100.13291850959699,18.880369910939301],[100.13999097829462,18.878997216774199],[100.14269929289631,18.879941844557081],[100.146758459600562,18.878423600006705],[100.151694779722988,18.879559923188587],[100.153587026308657,18.877508237340912],[100.154517646047125,18.875217392813894],[100.156249566300843,18.865629217447349],[100.156463420273553,18.862468547135638],[100.15625723440597,18.85913088717577],[100.15612761894667,18.854932034730727],[100.158554319592341,18.847995085868511],[100.159576918681736,18.843061635513248],[100.159157440327903,18.83595825610654],[100.159155431227774,18.834496593592771],[100.158104045177481,18.834531738930991],[100.157092444898524,18.834610916805044],[100.156373703866407,18.834141951960209],[100.154294333337845,18.833239341839366],[100.153509061745424,18.832643406487559],[100.153231629428944,18.831615185583388],[100.153706681922031,18.830782574001923],[100.153702776279644,18.830210410595306],[100.151617815448589,18.828478129252002],[100.149294879597065,18.827090602446937],[100.147191605598763,18.827074946563787],[100.145302031964633,18.825341386764979],[100.143523260129939,18.824436801117226],[100.141271535920822,18.824679472633065],[100.139920536116293,18.824830784314123],[100.139212196288568,18.82449179925171],[100.138545456955129,18.823637586002967],[100.138111176538487,18.821608960746229],[100.136630602075087,18.820359170760433],[100.135362653015164,18.819451388299317],[100.134756998678228,18.818739835186111],[100.134449664094006,18.817711760332585],[100.13393606504664,18.817285739808515],[100.132403901929905,18.817295048001387],[100.131261332917816,18.817158933160094],[100.129757301134433,18.816881952850306],[100.128997903903993,18.817887887285629],[100.128068873959336,18.818236823804931],[100.126329067784297,18.818647873052566],[100.125642845175634,18.819367256684945],[100.125440160461508,18.820512865214628],[100.125292610260573,18.820914290425232],[100.124963658223123,18.821145152087979],[100.124239959022219,18.820748981246908],[100.123631873439493,18.819665479352192],[100.122998502172763,18.81929736863853],[100.121226540880471,18.819393858555603],[100.119603086820348,18.819231953154127],[100.118137415285943,18.820213475287417],[100.117246986060877,18.819589398265741],[100.11672737694056,18.818247854097692],[100.116321716139154,18.815961505394856],[100.116035103475653,18.813502784262688],[100.116112395785848,18.811556860324487],[100.115953131182991,18.810184545742388],[100.114835004917694,18.809189888708811],[100.11417278066628,18.808993575838809],[100.113272111015476,18.809084780919498],[100.112428325423053,18.808689276522014],[100.1113145499789,18.808352595805633],[100.110745835441946,18.808670689568917],[100.110573098889134,18.809816108967983],[100.109945796571552,18.810363427505909],[100.108597868297608,18.810972246814707],[100.107389611258853,18.812266862974077],[100.10625494436259,18.813332157192299],[100.10485007028818,18.814427655360049],[100.103348706355987,18.814550980523983],[100.10247449837965,18.814098391764638],[100.101030798442793,18.813849429500838],[100.099683551246045,18.814572622244224],[100.098156223362537,18.815325475781627],[100.097442443650081,18.816445460997436],[100.097227702110601,18.818077486285222],[100.096874794068199,18.8192525661795],[100.096205809432831,18.820384464263054],[100.094876535466327,18.821524486999902],[100.092856729883877,18.822795168930256],[100.091299990886228,18.823662582271172],[100.089321880093465,18.824418005770433],[100.088757121200231,18.825365430950914],[100.088886327371313,18.826766561404209],[100.088530766581457,18.827541104824185],[100.087511087374637,18.827833154478903],[100.086114741236088,18.82795573396319],[100.085271466611829,18.8276459355824],[100.084746570962565,18.825446025926244],[100.083484157642062,18.825367536133818],[100.081832083709372,18.825434348713166],[100.081290552851684,18.825323050079405],[100.080622445330036,18.824211134738867],[100.080074522818322,18.823098520413527],[100.079502956431028,18.822987390137488],[100.078632593587315,18.823135476460862],[100.077820128738068,18.82293990427786],[100.077394955849329,18.822227111385587],[100.076385936894241,18.821832398108928],[100.075184002802715,18.821810721635522],[100.074443927346977,18.821457255571676],[100.073464059457635,18.820647618788012],[100.073604107050059,18.819044650940487],[100.073538391054356,18.818158118136807],[100.072933171975507,18.817474959590015],[100.071820309578897,18.817281087345691],[100.069927235800733,18.817234735597037],[100.068301839165954,18.816757680527182],[100.067041116706235,18.816936557205636],[100.066536699104887,18.817940795187148],[100.066633865154188,18.819056032920948],[100.066880889909854,18.82011319305899],[100.065924904660733,18.820976961832425],[100.066112562110789,18.82214890248968],[100.066502727838156,18.824464087459216],[100.066877730722609,18.826789357058281],[100.067131244992979,18.828837830476953],[100.066324357759271,18.82952908875215],[100.065050498296131,18.83002274183912],[100.063341331689529,18.830576090230554],[100.06271181560237,18.830808560660635],[100.062382034096643,18.830924880725174],[100.062203558797535,18.831211998604626],[100.061977036636023,18.833416265363532],[100.062067256001413,18.83581899735967],[100.063038281370297,18.837329794401775],[100.063320765808044,18.839245056293301],[100.064321149639653,18.840641237071459],[100.065242136598599,18.841672744053447],[100.065489157730568,18.842408383357306],[100.065859658425893,18.843979815209487],[100.066494095584261,18.844519774631479],[100.068120845012245,18.845168484836265],[100.068875667208019,18.845736355260655],[100.068806341307607,18.846652272632454],[100.068971796773312,18.849054561687161],[100.068435083958107,18.84971567075646],[100.067299015566306,18.850637703873439],[100.066973900892506,18.851497866291783],[100.067371956627227,18.852668594597535],[100.067771466123801,18.854068193111242],[100.068258778414432,18.855095357028926],[100.068280503397546,18.856153801047547],[100.069338959690313,18.857206293625151],[100.070143089918162,18.858431901136832],[100.070308766546006,18.860862793385138],[100.070388834260086,18.864009425075125],[100.070488610597394,18.865525177032339],[100.069544886565566,18.865988361321541],[100.067853484261008,18.867028031120327],[100.065885263419446,18.86706792391481],[100.06532150455277,18.868215549829195],[100.064776738487211,18.869992484409636],[100.064215852106159,18.871597850090904],[100.063052271034834,18.872949169246905],[100.063032499674804,18.874580049272627],[100.062469780414602,18.875899321322706],[100.061711162549258,18.877133880203012],[100.060550764928976,18.879000146423696],[100.059160618736314,18.880181075662861],[100.057842895740521,18.880932433830107],[100.055893475288045,18.88160154056046],[100.054848367728965,18.882694650332258],[100.053232379536581,18.883819598731701],[100.051853775471841,18.884456821333426],[100.051378426471118,18.885346419440417],[100.050631502597227,18.886065891079667],[100.049863661476166,18.885841347788453],[100.047637778265198,18.885567801307829],[100.045353742582193,18.885609265238461],[100.044251088579145,18.88713179317633],[100.043241595064231,18.889140163297888],[100.042422133854231,18.890289161633763],[100.041493041300029,18.890723519558879],[100.040918610431177,18.890183145546562],[100.040319604448641,18.890529819115564],[100.03933798287207,18.892194693410111],[100.03818961808291,18.89363161384772],[100.037686758975653,18.894950484974121],[100.037242245035756,18.895982928601665],[100.03730993834084,18.897212783739427],[100.037343873673962,18.897842015761157],[100.036926941967906,18.898473763872769],[100.035757678403115,18.898966655305735],[100.047749154219659,18.914258310894361],[100.048244877225983,18.918289218921824],[100.047580810823519,18.928863505135094],[100.046169695754656,18.930805292191501],[100.049465551738734,18.942798533412574],[100.046581121941472,18.952256906084781],[100.046794601078119,18.95507849397141],[100.043994436764962,18.962009508288361],[100.04163729170277,18.961929018091961],[100.039149789950329,18.963228434021122],[100.031306242162472,18.97287135313745],[100.027926705718556,18.973183827509715],[100.015566866367905,18.976920867865243],[100.013308116521202,18.978912257037265],[100.011721162614052,18.990799547409726],[100.011332139394014,18.993038231091621],[100.01084367586644,19.003785406573584],[100.010866302450054,19.006548218662054],[100.01066003279027,19.00867294287562],[100.006761500480906,19.022032205187088],[100.005944767751842,19.024266427963333],[100.005014240141406,19.026442528679219],[100.001976945901376,19.038662921597783],[100.001397437676161,19.041358963225488],[100.001191254438169,19.04837471720537],[100.002747388646881,19.049766938073493],[100.007752263405166,19.055737690658635],[100.007569449927388,19.06097084628281],[100.007538506336203,19.063616461657112]]]]}},
{"type":"Feature","properties":{"id":6,"amphoe_e":"Mueang Phayao","province_t":"พะเยา","province_e":"Phayao","amp_code":5601.0,"prov_code":56.0,"area__km":908.0,"amphoe_t":"อำเภอเมือง","status_amp":4},"geometry":{"type":"MultiPolygon","coordinates":[[[[99.75718291525601,19.122999958137196],[99.757174493160107,19.122963534619224],[99.757174643570195,19.122996557690175],[99.75718291525601,19.122999958137196]]],[[[99.703352859946477,19.253200264188415],[99.703011766342826,19.25375804671334],[99.702612591495878,19.254910900564138],[99.702919247858048,19.25575402404818],[99.703853628860628,19.256920939926133],[99.704413505091608,19.257916595183143],[99.704522639186763,19.259815852005602],[99.70453198188666,19.262003322529587],[99.704163598867183,19.263271192271198],[99.703420842144695,19.264406181184366],[99.703467554829246,19.265883527408842],[99.703807494346961,19.267417310816647],[99.703793431404861,19.2688565130256],[99.704482784511484,19.271770530512647],[99.705421048307528,19.273820095305968],[99.705345261613829,19.275962053419128],[99.705222757224703,19.277063737432595],[99.705137775742429,19.278435611692078],[99.704156539750343,19.280540988291012],[99.703687900536508,19.28200112821883],[99.702991452685481,19.28453670578568],[99.703118595222875,19.285917796296943],[99.702791552584898,19.287415765924983],[99.702477309401971,19.289546909520304],[99.702635748038205,19.291158142433659],[99.702622384256571,19.29513023258794],[99.702809916505288,19.296453523464628],[99.702672711896483,19.297451857888358],[99.701679390525186,19.299105895947537],[99.700631604880101,19.299839085814305],[99.700617357968582,19.301239907123652],[99.699364928719504,19.301379029127272],[99.698228616403682,19.302688202447527],[99.698276852482195,19.304530122140228],[99.698002702132015,19.306603537485866],[99.698379036915355,19.30717775531129],[99.699211822737325,19.308153184249505],[99.699561847687917,19.309667740024803],[99.70042864645221,19.311506517549205],[99.700755781816611,19.312387935409838],[99.701107221828252,19.31422868687666],[99.701023550705415,19.315936789533801],[99.70118884253786,19.316780450551764],[99.701515092923458,19.317450795541951],[99.713254578971501,19.317230986443818],[99.715124200889591,19.317998576591187],[99.717107910686906,19.318593998736802],[99.730016974218444,19.316376222471433],[99.732015641082498,19.315647528583874],[99.743117117673862,19.307550862410817],[99.744955559222817,19.305501050734229],[99.746802170975386,19.303164269525947],[99.755049511729482,19.300839518338002],[99.757048941614443,19.300343251969071],[99.759055299886001,19.299675236294554],[99.764861213515388,19.294448081335773],[99.766753619851869,19.293091406512964],[99.775618985387624,19.289676480411039],[99.777603200528674,19.290158288729803],[99.786567713327329,19.293637459377699],[99.789161740271709,19.29412554869246],[99.791816431493459,19.294608819258666],[99.794166636344357,19.294980415969199],[99.797073341652464,19.294434585362904],[99.806846830111951,19.29608604962791],[99.811615148153678,19.301532120897011],[99.813522337081437,19.304193974290243],[99.822342228035325,19.309626158878764],[99.831223089551486,19.310058091085381],[99.831138960662074,19.312127867286438],[99.825096407671268,19.316949236254761],[99.825729579620457,19.319829064084377],[99.830818302538916,19.323782080869123],[99.832710774183099,19.322368253476956],[99.836548243763787,19.319477045032958],[99.838562244753092,19.318232039018994],[99.841889190519069,19.318266417574897],[99.848236581066487,19.323039973565223],[99.854477410302962,19.32212299763809],[99.859833637105552,19.324187537769848],[99.865174010458318,19.327284419222934],[99.867294993331683,19.332244455648361],[99.867996707459412,19.334206568378956],[99.868927606683016,19.337200011664944],[99.868774694737283,19.345184534516516],[99.868492720830133,19.348570065673503],[99.87126200707273,19.354744612614841],[99.881226058824268,19.350763533348445],[99.884842453103275,19.346202895997312],[99.891228499135281,19.353615589929586],[99.89331140893016,19.356508359765414],[99.895111848705028,19.363019343150921],[99.89295240511693,19.367076031852225],[99.888786829566271,19.371802167604184],[99.887397809362142,19.376959741591108],[99.894661120791739,19.376167371021719],[99.89273112295345,19.380860000442443],[99.894172772387066,19.386789876579936],[99.898658869008813,19.391200145359907],[99.901214968463009,19.390304183700039],[99.904876952498483,19.39211813673024],[99.906868223748603,19.392944086783562],[99.908508702759107,19.39726434486392],[99.908172958952036,19.400365514625481],[99.919687304827519,19.412372434307063],[99.921411662326932,19.406916168312314],[99.926659259168943,19.385721370363783],[99.927727637519212,19.382688731694888],[99.928353485601008,19.380336075650686],[99.928864648692425,19.378331904391757],[99.929200638766488,19.375348176770881],[99.930452241692819,19.355540750804039],[99.930367838748239,19.352093787654084],[99.929819244034007,19.336233134687493],[99.92984222420651,19.33388128410342],[99.928347049294672,19.321974345637624],[99.927675803844863,19.312030876076754],[99.927797749456403,19.306228843241037],[99.927698585641679,19.304044780007551],[99.926676687491224,19.287782040874454],[99.926157720647893,19.285188939965959],[99.922808912365454,19.276770307847549],[99.920985336413821,19.272502975526503],[99.919443908330578,19.270075392672499],[99.917231678820556,19.262301533850771],[99.916956971684669,19.260170288840488],[99.915789656143261,19.256541188724828],[99.916293629562873,19.25230730298151],[99.916306341323278,19.252284401367415],[99.919879744172505,19.24584625281739],[99.920879232584312,19.243268070067838],[99.925761960588346,19.239694337928928],[99.930355045767001,19.230022291584916],[99.941235217508421,19.220182400501859],[99.946278358544447,19.213044681111871],[99.951397589064172,19.209701776616875],[99.953770541558782,19.203456508683995],[99.954938079213647,19.196856032298719],[99.955334944756501,19.194445732420363],[99.952870441471958,19.192811644762713],[99.948460491571282,19.192651509970986],[99.94721688859903,19.190570494601054],[99.941853661875342,19.189077707817049],[99.941541043114668,19.179988532290835],[99.937062377660268,19.175920143191071],[99.935727155681533,19.171248263243729],[99.934819715117783,19.166007145251879],[99.930280034234599,19.166538505893044],[99.924199121319063,19.165039761811091],[99.920491462028252,19.161491174648607],[99.928036885348661,19.157714309913796],[99.929990303297103,19.155781893003716],[99.941274332955615,19.147555350982699],[99.942983816572337,19.146249837205868],[99.95187980518935,19.139955189174255],[99.953481895283204,19.137671928879509],[99.96224844529786,19.127234209136684],[99.964262696176831,19.125470567828707],[99.972869096063647,19.118654619729703],[99.974578050720012,19.11694670512539],[99.978080342519107,19.112439219356506],[99.98091839172325,19.107460793246094],[99.982833327486759,19.104145463442858],[99.983657827995771,19.100300526813157],[99.986404170625534,19.093140186528665],[99.986915410227127,19.091190071315733],[99.9930597661305,19.081580258621297],[99.993126231011544,19.081476300201853],[99.997345739593456,19.072543484681315],[100.000587884655062,19.069182400033739],[100.003555836027545,19.068348467801208],[100.007538506336203,19.063616461657112],[100.007569449927388,19.06097084628281],[100.007752263405166,19.055737690658635],[100.002747388646881,19.049766938073493],[100.001191254438169,19.04837471720537],[100.001397437676161,19.041358963225488],[100.001976945901376,19.038662921597783],[100.005014240141406,19.026442528679219],[100.005944767751842,19.024266427963333],[100.006761500480906,19.022032205187088],[100.01066003279027,19.00867294287562],[100.010866302450054,19.006548218662054],[100.01084367586644,19.003785406573584],[100.011332139394014,18.993038231091621],[100.011721162614052,18.990799547409726],[100.013308116521202,18.978912257037265],[100.015566866367905,18.976920867865243],[100.027926705718556,18.973183827509715],[100.031306242162472,18.97287135313745],[100.039149789950329,18.963228434021122],[100.04163729170277,18.961929018091961],[100.043994436764962,18.962009508288361],[100.046794601078119,18.95507849397141],[100.046581121941472,18.952256906084781],[100.049465551738734,18.942798533412574],[100.046169695754656,18.930805292191501],[100.047580810823519,18.928863505135094],[100.048244877225983,18.918289218921824],[100.047749154219659,18.914258310894361],[100.035757678403115,18.898966655305735],[100.035435839038982,18.900398952339366],[100.034690011209875,18.901318628909401],[100.033583824284648,18.902297527714868],[100.032501716470705,18.902303543721594],[100.031023064238738,18.901367620929896],[100.028713280790143,18.899692425287583],[100.027593446627165,18.898439775116767],[100.026480605942808,18.898331484381586],[100.025337534222032,18.898194743558125],[100.024792487104918,18.897539716270362],[100.024338139413828,18.896970017787716],[100.0233722942437,18.896317304542066],[100.02222819573916,18.896008888471684],[100.020094976935511,18.896163659377333],[100.017871580067805,18.896318899821114],[100.016758411195653,18.896153331342521],[100.015714851136735,18.89756093787771],[100.013976490840832,18.89840012670016],[100.011910051747989,18.899670240181063],[100.011414392481385,18.901009401600053],[100.010459815857899,18.903342347971034],[100.009016504338078,18.904940438925635],[100.007079772380735,18.90502008813705],[100.006427914586396,18.905346279430354],[100.003868474051529,18.906581622068842],[100.002980129070011,18.907188872936747],[100.002589768991271,18.907372128402567],[100.002060536357106,18.90719383544015],[100.000867645555005,18.906897425248982],[99.9998742273972,18.906822692597],[99.998026609512493,18.905410341991086],[99.996648204639158,18.905581851304664],[99.995163905380721,18.907285610759022],[99.993445476622369,18.908279468213216],[99.992132580604391,18.909818178425308],[99.990530669649516,18.911084904799061],[99.98933750411183,18.913443508593222],[99.986638013069907,18.913786089345262],[99.985666672176706,18.91477590826922],[99.98297737968781,18.916868892445713],[99.980922840651431,18.919396115096532],[99.97899920123136,18.91973448852622],[99.977667955948306,18.918155102171216],[99.976176048925282,18.918600579385597],[99.974399590668455,18.919539870066302],[99.972914624513393,18.92118876309657],[99.970738285051695,18.922567743838041],[99.96954413113292,18.924816829956761],[99.968615226787591,18.925889544067871],[99.96777418219628,18.926904801523516],[99.965278117100866,18.927683649386477],[99.962641454154266,18.929010229963328],[99.960926355794044,18.930660226845564],[99.959401332008142,18.932283305330952],[99.957262068884148,18.933250236395732],[99.955140126727471,18.93413642982172],[99.953999131806512,18.935674002973865],[99.954065625653215,18.937260067811756],[99.953236118666595,18.937975479575368],[99.951121218592974,18.940119778649382],[99.949918329106325,18.940891794210533],[99.948542966587056,18.941664684389682],[99.947166048569287,18.942164054064424],[99.945671066464044,18.942116978260501],[99.945216708462752,18.943103961792097],[99.945092692594102,18.946605633457786],[99.94400901303149,18.948142857820685],[99.943502981875767,18.950169471604234],[99.942650150640318,18.951869625205511],[99.940993035799394,18.953683266783131],[99.940736254232775,18.955298010753385],[99.940897680788154,18.957184789920944],[99.940193734546156,18.959814140770881],[99.938307458555514,18.961793034467807],[99.936365475386054,18.964100414206047],[99.935284353458357,18.96612991287396],[99.934291889171107,18.968596588680505],[99.933092676249871,18.970079633708561],[99.931425255642907,18.970088024670211],[99.930162439415952,18.970477296044667],[99.929940638968375,18.972249909294337],[99.929254607231982,18.972670003632928],[99.928515916505447,18.974260117722395],[99.927721832269597,18.976233433073791],[99.926812125016156,18.978097916447428],[99.926472869726993,18.979138985853975],[99.92578528149788,18.979580054927037],[99.922910550188149,18.979649108569305],[99.92193604749211,18.980201001182849],[99.919930121661338,18.98141446213528],[99.917231749030137,18.982193702936225],[99.91487866012551,18.983025903331466],[99.913624652715157,18.985056140089444],[99.912487410296535,18.987414016919068],[99.911111490700691,18.988186649039395],[99.909902721785926,18.987973779069684],[99.909431703858601,18.985952047977051],[99.908672593078578,18.983822321083355],[99.907288093109131,18.983008551194768],[99.905793038163651,18.98301587139899],[99.904246089451362,18.984062809407025],[99.902702363272624,18.985711463694784],[99.901613631342755,18.98642792180361],[99.899034695063733,18.986864779140202],[99.897379969636702,18.987401179908179],[99.89559638170806,18.988185864133943],[99.894403438060337,18.989066748430446],[99.893145770476949,18.989204914295453],[99.892034051244593,18.989045158916259],[99.890659786269737,18.988473869207123],[99.889547898254321,18.988281076135582],[99.889166925248418,18.988448023036675],[99.888718977006434,18.989077616926927],[99.888375254701998,18.989723221249026],[99.888195983683048,18.990285477653234],[99.887840151694931,18.991921838036301],[99.887108418967713,18.993048138929595],[99.885982727718627,18.993532369335416],[99.884683630083643,18.994050445469153],[99.88397694437441,18.994994986866324],[99.883488179344184,18.996120113625494],[99.883407402295163,18.997259803421358],[99.883539537419679,18.999273593934895],[99.882823100371652,19.00002003818723],[99.881853659424706,19.000520011207971],[99.880602225877425,19.000212250619068],[99.879508753980716,19.000233963772082],[99.878258885482239,19.000223389642834],[99.876875544494567,18.999585996205983],[99.876021372342777,18.998896552234449],[99.875340786058089,18.998206282874332],[99.874398717073149,18.997302594737487],[99.873389122274105,18.99676247726094],[99.872242822646413,18.996635790804707],[99.871219317297061,18.996756194523638],[99.870230525776122,18.996876429372218],[99.869042975043428,18.997162709630484],[99.868227757309711,18.997282118599973],[99.867621089036717,18.997450081359016],[99.866303686721551,18.997803000005096],[99.864832189453239,18.998569422676137],[99.863515793693239,18.999120457866823],[99.862723682442891,18.99939130026927],[99.861755142419014,18.999359830983085],[99.861145996155543,18.9990489444118],[99.860280469819074,18.999515299329914],[99.858095719263488,18.999987773735437],[99.858069512765525,18.9999548718088],[99.856150273712146,19.001433308208039],[99.854801721847878,19.002496295856119],[99.850525048498255,19.002945313796832],[99.847886807531054,19.003006960325685],[99.84712437008983,19.003274641697637],[99.845764561160365,19.003842264138676],[99.845087658784735,19.003861869621872],[99.844493403551098,19.003626567125313],[99.842146242569513,19.002323176492684],[99.840996352639522,19.001486306277748],[99.840264730982057,19.000977765121768],[99.839625308848227,19.000029189649112],[99.839095183858035,18.999678641184104],[99.838706113259136,18.999977617776587],[99.838501453493294,19.000705064736426],[99.83805443593964,19.001565703937949],[99.836953405499372,19.003552104821928],[99.835452602005432,19.005441234927549],[99.833410099151024,19.0066227876544],[99.830824117128898,19.008483745253198],[99.829945106665136,19.009759101778933],[99.829329093731502,19.011561653129782],[99.829256869238336,19.012750827513617],[99.829677185038847,19.013491973435222],[99.831264136603878,19.014937884273717],[99.832841448904006,19.016185682250001],[99.833594675054584,19.017536254306236],[99.833843314639992,19.018657934466798],[99.833493191619795,19.019815338452087],[99.833045854085853,19.020626432481919],[99.832668612139358,19.021569304017486],[99.832630473525498,19.022626229976606],[99.832892527906324,19.022955284871571],[99.833606537330397,19.023397883853935],[99.834008633863291,19.023957470186303],[99.834362276890545,19.025243792290443],[99.834758173845941,19.026298757725446],[99.834885308970101,19.027420983589472],[99.833570064667285,19.028269021662691],[99.831968920868022,19.029233920698402],[99.83091423216581,19.030113790787496],[99.830118724406248,19.030744814162595],[99.829446052693811,19.031639471281675],[99.829649399815267,19.032381588157069],[99.83049121163603,19.034078518263026],[99.831045007754383,19.035463016131693],[99.831152301057003,19.036089980442444],[99.830806210238208,19.036322702123325],[99.83066870960333,19.036604020532529],[99.831105636623093,19.037179966779522],[99.831977032648922,19.037836514103716],[99.832425857743772,19.039056361743874],[99.832776561792343,19.039748274345186],[99.832658317655898,19.04040927757281],[99.832155793422487,19.04060968365296],[99.830349848195638,19.040568277164052],[99.828361760729251,19.040560693590109],[99.82818952765659,19.040842166070398],[99.827566603856297,19.041274264517078],[99.826196920574304,19.041676679892994],[99.824568420754943,19.04241047666061],[99.822730495153934,19.042930539556988],[99.82198139162081,19.044188770977961],[99.820925663816013,19.044886962540168],[99.820288830605421,19.046029105875608],[99.820372400316813,19.047135023900488],[99.820600637985933,19.047645874732297],[99.820987907789629,19.048717418432041],[99.820983286244825,19.049543027712375],[99.820638046248959,19.049957357131856],[99.820398203141266,19.050618894172864],[99.820711802917501,19.050832153213598],[99.821200989297893,19.051440913115478],[99.82072097724955,19.052697942522514],[99.820285260846887,19.054136403341371],[99.820272928691736,19.055160187715551],[99.820223029964936,19.057372985929366],[99.819959401243111,19.058496957338129],[99.82003510776579,19.059768026447543],[99.819865763032382,19.060643902178377],[99.818637087885691,19.061507969182131],[99.816939307256618,19.062324570791656],[99.816157890672372,19.062328029156127],[99.815645063452052,19.062214714626982],[99.815295669146238,19.061786952880936],[99.815221449448643,19.060813086287261],[99.814784510419017,19.060237104169399],[99.813929617045559,19.059415288281848],[99.813562224576202,19.058855507923621],[99.812622130781449,19.058364296749843],[99.811840008840178,19.058219133231319],[99.810728847152973,19.058257041954096],[99.809409071301388,19.058246323769168],[99.808756624970016,19.057984995643206],[99.808042445768521,19.057525793839861],[99.807644504296746,19.057824748335449],[99.806813169548661,19.058274203629999],[99.805858843332857,19.05842697993555],[99.805024473152955,19.058248991882291],[99.803796382458117,19.057445266415506],[99.802106483179841,19.056296791817086],[99.80082129090701,19.056252837705355],[99.799518418253513,19.056142903890038],[99.79906639445106,19.056029278787395],[99.798631340332761,19.055833019947986],[99.797454442551071,19.054830886877614],[99.7960946065797,19.053697440116576],[99.794911416247345,19.053190672319847],[99.793576040203789,19.053543167545747],[99.792401168066093,19.05478660455373],[99.791317084097244,19.055038933699837],[99.78902751217673,19.055577115984704],[99.787222177267125,19.055700408592607],[99.785381177921693,19.055625692871757],[99.783377467006474,19.056030494066466],[99.782485605736156,19.056546146084457],[99.781733814497329,19.05730887893241],[99.781710147986743,19.059670178528179],[99.781340828412198,19.060530360603643],[99.780162571630513,19.061080238434531],[99.778756173665769,19.061119203506536],[99.777310747935545,19.062099500122667],[99.77568235755983,19.062948460030022],[99.773482431739652,19.064130041085434],[99.773189979138166,19.064725695384549],[99.772686807558941,19.066692719528238],[99.772676097955085,19.068129299321797],[99.773371152221216,19.070091301404428],[99.773797410976513,19.074002830090802],[99.774016462620949,19.076297061822697],[99.773123162679454,19.076531975860334],[99.772377934438296,19.076865336708039],[99.771807362628877,19.077412618048957],[99.771026095911807,19.07746542245167],[99.769827191456173,19.077338337043166],[99.768733325640667,19.077392436663615],[99.768514717041668,19.07894546561311],[99.767749884050289,19.080682400548316],[99.767354626620644,19.081592200059955],[99.766904451793437,19.081891287419296],[99.765797816596049,19.082952648978246],[99.765047803297719,19.084144619479975],[99.764812544329359,19.08586283223752],[99.764989707042233,19.086621643751673],[99.765164520296281,19.086868596333812],[99.765228416760507,19.087545318272756],[99.764900250994614,19.087942965804444],[99.764363822311921,19.088374500474313],[99.763915668649304,19.089119393548028],[99.763191591785912,19.090294737566676],[99.763110577651332,19.091566488117142],[99.76317575473027,19.092523907299121],[99.763752842696434,19.093380133763461],[99.764654435999631,19.094928510283953],[99.76467062764155,19.096563118243282],[99.763859758012373,19.097755336913565],[99.763900026489083,19.098960536298211],[99.763915151746062,19.100363982157567],[99.763713921039283,19.101933443691976],[99.763231143197544,19.102711502528951],[99.762469922120644,19.103375130141284],[99.761996575154285,19.104318265515069],[99.762066820027258,19.106381957507235],[99.761225905897547,19.108614536822028],[99.760859476352664,19.11015165418257],[99.761057647370421,19.111702949429468],[99.76027432199264,19.113241788464705],[99.760086568041515,19.113969085316644],[99.759988758589884,19.1153729965046],[99.759445883050262,19.1163164126521],[99.757301768259069,19.118488299891883],[99.75707650802174,19.120520184380112],[99.75718291525601,19.122999958137196],[99.757701942737143,19.125244591364709],[99.758070576240726,19.126394397973069],[99.758561307708874,19.127754776344638],[99.758782833691853,19.129845435766089],[99.758384821573969,19.133320238816399],[99.757422227634379,19.134744172015075],[99.75556744991664,19.13532746370376],[99.754348706669575,19.135927317906386],[99.753705959339996,19.136659125620149],[99.751528723156838,19.137378020114056],[99.750501403052155,19.137900312118763],[99.74977795922203,19.13865162478443],[99.749255453526473,19.139191039750791],[99.748349598996938,19.139789580203519],[99.745821732156926,19.141123876001476],[99.744250444683075,19.141916982679273],[99.742553655205029,19.14399623079894],[99.742038141242134,19.146109076801206],[99.741761303595979,19.147415030159333],[99.741311982800013,19.148529791180188],[99.741213271764138,19.151293370792942],[99.741170763069391,19.15307809653887],[99.74021013531538,19.155000844099174],[99.739531145707375,19.156692188470029],[99.739068834600616,19.158175091817661],[99.738581771225597,19.158883525167745],[99.73783833294415,19.159711628851738],[99.736630890120068,19.160637534660015],[99.735443285862814,19.161486598383597],[99.734880022892796,19.161968571568181],[99.734025577933821,19.162816293334885],[99.733685868558297,19.163623578419859],[99.733467143091687,19.164392002291507],[99.733473422913434,19.165811945124975],[99.7328402273195,19.166466890503958],[99.731410921244304,19.167470403822819],[99.730476502807463,19.168510316017837],[99.72933029477214,19.169608631266069],[99.728038166471094,19.169671325068752],[99.72674477527643,19.169446183268224],[99.726119618830708,19.169640544081577],[99.726143089773146,19.170388813304157],[99.726490248045224,19.171270123412711],[99.726798452729852,19.172477795848259],[99.727137289825905,19.173762101197401],[99.72746401432407,19.174585923449655],[99.727972826776707,19.175485778002272],[99.728199093559994,19.17642512941898],[99.728349307995231,19.178439351965888],[99.728569658001732,19.179376043378465],[99.728994721040266,19.180547551354252],[99.72888888303028,19.181737673453032],[99.72796438435671,19.182758345929187],[99.727424846681458,19.184065319487569],[99.727258999613071,19.18538999960683],[99.7268191632879,19.186408745225428],[99.725306165435981,19.189101155119015],[99.72395032695178,19.190795118891078],[99.721959533349491,19.192779404224453],[99.722020399552861,19.195158567745292],[99.721602961688134,19.196695309020448],[99.722012839276758,19.198056095598002],[99.721947673281733,19.199322807986345],[99.72135578891006,19.20022700717832],[99.720451173622436,19.201209188403599],[99.719890989624332,19.202439466871692],[99.719937728705418,19.203897626272031],[99.719510069851907,19.20541521394021],[99.71814009144417,19.208548346720988],[99.714315181934751,19.211518355012782],[99.714299706477846,19.212612172517847],[99.714867759759301,19.213185619342855],[99.715446912489412,19.213989285512788],[99.715771174842857,19.214237472652275],[99.715758865269535,19.2160604483241],[99.715549836055942,19.216523069561148],[99.715392734569377,19.217808050531694],[99.715321151399749,19.219938276275446],[99.714973715055848,19.221340407682149],[99.71368912710733,19.223245097892093],[99.712498669812206,19.224517064698198],[99.712101174797397,19.225074204288603],[99.711529926989712,19.226112614086858],[99.711231709939184,19.227226717013576],[99.711155201357514,19.228224826519032],[99.711049560549014,19.229453445660745],[99.710406337131246,19.23024254617436],[99.71031069410985,19.231490182455239],[99.71069814635365,19.23233298173513],[99.710755418330208,19.233906232102658],[99.710785361915228,19.236170380911041],[99.711123563136368,19.237301199905936],[99.710963765847467,19.23772397149899],[99.710159024465966,19.238244870094618],[99.708805543957197,19.238519076103845],[99.707979484647751,19.239040367084414],[99.706488474883585,19.239967184369597],[99.705500291311964,19.240373957958713],[99.705108970211484,19.240989503875106],[99.70489157772198,19.242122473985699],[99.704530472252983,19.242718713672875],[99.703627820050713,19.244238092532292],[99.703622706942497,19.24540862227083],[99.704942198793049,19.246881073230188],[99.705511080737452,19.247627239472244],[99.705759014273966,19.248911924736319],[99.705633763445732,19.250332369595835],[99.704868983785488,19.25102610953191],[99.704185503269088,19.25183466556237],[99.703723684089653,19.252508045992645],[99.703352859946477,19.253200264188415]]]]}},
{"type":"Feature","properties":{"id":7,"amphoe_e":"Phu Kham Yao","province_t":"พะเยา","province_e":"Phayao","amp_code":5609.0,"prov_code":56.0,"area__km":199.0,"amphoe_t":"อำเภอภูกามยาว","status_amp":1},"geometry":{"type":"MultiPolygon","coordinates":[[[[100.003755508474356,19.430351018656712],[100.005517848207887,19.424876629037776],[100.006791924191162,19.418912458201074],[100.002214597448756,19.417491979804474],[99.999185291926892,19.417580958597139],[99.994501076293375,19.420297201174332],[99.993318378129374,19.418157569774408],[99.993371861005201,19.413047289519753],[99.993104630150441,19.409425220549139],[99.994599949003984,19.405820620421771],[99.994348355054001,19.401050862920432],[99.993882937084436,19.399094802562526],[99.995744668815206,19.394688482410555],[99.999742701987884,19.394438378244924],[100.004038169939946,19.394360491777551],[100.007212080127587,19.391629812106633],[100.01040875073889,19.391833465404659],[100.010073307613482,19.389361664443346],[100.011858825605557,19.386674759818554],[100.009653764598397,19.383382014839281],[100.00379417175175,19.383100433670094],[100.000254396947525,19.380770507485199],[100.002283519861081,19.377228427090365],[100.000261794775241,19.374280179232436],[100.00053660861613,19.371237968565712],[99.997362972693438,19.368395409318225],[99.99711105269472,19.363566903480017],[99.998469390678707,19.360995417703428],[100.000727629444867,19.358658440912841],[100.000102232980169,19.355435927657613],[100.000682274941823,19.351709796932791],[100.000178326302787,19.348199711483463],[100.003154008589888,19.346848241792465],[100.006671427298926,19.345843888434501],[100.006274776450027,19.343257188048497],[100.006305123537189,19.340442221520757],[100.008975752916157,19.333919081427311],[100.00979202122619,19.325883571008806],[100.01108142121268,19.323886186430077],[100.011905746594877,19.320273880095481],[100.011875455221201,19.317285297615584],[100.014148697976196,19.31403316816629],[100.016574882776851,19.313018899047119],[100.019306474183267,19.312240095159613],[100.02179377412817,19.311114723087332],[100.022846494823341,19.309170546188689],[100.023418647345991,19.306476789796115],[100.024471667891859,19.303728374905678],[100.023045037962603,19.301590260993276],[100.017490984148012,19.295510510096296],[100.015781940698957,19.291243596640061],[100.015416100037115,19.286413467511956],[100.016766403840663,19.284415710946487],[100.018483335039775,19.28207929967483],[100.012989848172069,19.281165543834209],[100.012135562269208,19.276676967556032],[100.009869637995337,19.273384465112272],[100.012951757587388,19.262094589638814],[100.012257904804173,19.259502743643651],[100.007710766150268,19.24992672843976],[100.007130857912713,19.24756691310299],[100.005147156866045,19.240829911487932],[100.003957380753931,19.238979465768473],[99.99658736203537,19.233683745562331],[99.994519894162622,19.229127084240034],[99.994633970424275,19.224075112214834],[99.991528950978051,19.221060226919551],[99.991200950299628,19.217323181680467],[99.987821263896834,19.217461165567293],[99.980802196842234,19.213150080128237],[99.978070723469301,19.213810784547025],[99.975255214642516,19.211718034120697],[99.972653545012207,19.212210792357055],[99.973767637165707,19.209579782356826],[99.970959737453683,19.207141274383989],[99.965161314840046,19.206686183344988],[99.963910237410062,19.205009718829587],[99.964993655976741,19.200363779304254],[99.965619579281039,19.198417637538366],[99.961888620954227,19.197176652214893],[99.958898128690009,19.194449730407317],[99.955334944756501,19.194445732420363],[99.954938079213647,19.196856032298719],[99.953770541558782,19.203456508683995],[99.951397589064172,19.209701776616875],[99.946278358544447,19.213044681111871],[99.941235217508421,19.220182400501859],[99.930355045767001,19.230022291584916],[99.925761960588346,19.239694337928928],[99.920879232584312,19.243268070067838],[99.919879744172505,19.24584625281739],[99.916306341323278,19.252284401367415],[99.916293629562873,19.25230730298151],[99.915789656143261,19.256541188724828],[99.916956971684669,19.260170288840488],[99.917231678820556,19.262301533850771],[99.919443908330578,19.270075392672499],[99.920985336413821,19.272502975526503],[99.922808912365454,19.276770307847549],[99.926157720647893,19.285188939965959],[99.926676687491224,19.287782040874454],[99.927698585641679,19.304044780007551],[99.927797749456403,19.306228843241037],[99.927675803844863,19.312030876076754],[99.928347049294672,19.321974345637624],[99.92984222420651,19.33388128410342],[99.929819244034007,19.336233134687493],[99.930367838748239,19.352093787654084],[99.930452241692819,19.355540750804039],[99.929200638766488,19.375348176770881],[99.928864648692425,19.378331904391757],[99.928353485601008,19.380336075650686],[99.927727637519212,19.382688731694888],[99.926659259168943,19.385721370363783],[99.921411662326932,19.406916168312314],[99.922555460436442,19.407091089042336],[99.923619673946646,19.407627854325611],[99.92381421981743,19.408349760026784],[99.92384784412566,19.409485566197077],[99.925127563518942,19.409633961172005],[99.926057654076459,19.410507023341033],[99.926933627708408,19.41143199167503],[99.927106690801025,19.413160890137359],[99.927972499445517,19.413762239978688],[99.927945419016325,19.414609524026027],[99.929002852805652,19.415511775460747],[99.930089776612547,19.415990296666521],[99.931813940122183,19.416374777888368],[99.933472781470314,19.416487281687218],[99.93456024248988,19.417056538062742],[99.935013589444296,19.418264410886966],[99.935335410256329,19.418777091360418],[99.93648164353921,19.418468633810395],[99.937249033809124,19.418827737195723],[99.938588153616124,19.418790567124841],[99.939944225101968,19.418928779104444],[99.941145440667114,19.419309824133354],[99.942065907023775,19.419668113337902],[99.942888243776281,19.420704621040592],[99.944164159000493,19.422973173778704],[99.944425701312468,19.424085200100201],[99.944413196603634,19.426336241389048],[99.944672928219902,19.427133623604139],[99.945901547424384,19.427829144022589],[99.947024903536388,19.427968512240845],[99.948099484588568,19.428495392421901],[99.949224252493934,19.428876779507473],[99.950473909940271,19.428797629570067],[99.952028720223112,19.428547443217948],[99.953724545854072,19.428417522949815],[99.954976176384989,19.428677187562112],[99.956787335752637,19.429425986990879],[99.960921616431918,19.428571156497934],[99.96288734675899,19.428108229620381],[99.963841114467101,19.428395394882497],[99.965247772059911,19.429503693421321],[99.967235565004728,19.429439981981812],[99.968607323008072,19.429379536562092],[99.969843792860402,19.429654359731412],[99.970676906418461,19.428943427758956],[99.971400520506251,19.428195710797677],[99.972911954835368,19.428081354026851],[99.97394752462904,19.427996104002887],[99.975157599719481,19.428999114075928],[99.976979116622672,19.429228414404125],[99.979921330873879,19.429557914243336],[99.982914971233271,19.431764279229675],[99.985105685336762,19.432531799431139],[99.986338729892893,19.432684498768946],[99.987515290809839,19.432757799404829],[99.98854702069481,19.432034906093641],[99.989075837686542,19.431500708854049],[99.98994356725504,19.431442847296982],[99.990331886846519,19.43082971522421],[99.990622842820315,19.430323377020002],[99.99030903069206,19.429368719191526],[99.990755440572372,19.429100625261281],[99.991233073090115,19.429363676381918],[99.992072466240529,19.429252828165566],[99.993812582768342,19.429907456263145],[99.994878413173097,19.430193842372326],[99.995944247031332,19.430480222048473],[99.99692656619203,19.430846751319667],[99.99766044436744,19.431799087800826],[99.997385455359151,19.432624138094656],[99.995987633044251,19.433003734146318],[99.995545269249931,19.433935963432887],[99.996139791481326,19.434995332952504],[99.996925798609979,19.435309806748933],[99.997823330985824,19.43554396661154],[99.998775408467651,19.435538729918562],[99.999947955904659,19.434630339859734],[100.000616886199353,19.434439391262611],[100.000835206397298,19.433508386198181],[100.001391662116461,19.43292087062493],[100.001542740620195,19.43244185355578],[100.001091620280377,19.431939592627156],[100.001145181811395,19.431540810866224],[100.001955923900155,19.431323811775545],[100.002680539899345,19.430761930109661],[100.003126279297746,19.430387547134533],[100.003755508474356,19.430351018656712]]]]}},
{"type":"Feature","properties":{"id":8,"amphoe_e":"Phu Sang","province_t":"พะเยา","province_e":"Phayao","amp_code":5608.0,"prov_code":56.0,"area__km":302.0,"amphoe_t":"อำเภอภูซาง","status_amp":2},"geometry":{"type":"MultiPolygon","coordinates":[[[[100.3010363649353,19.6478264386819],[100.304675633235618,19.649200535596282],[100.306499262116958,19.650341546424258],[100.310145879056094,19.653709997672326],[100.315448214310052,19.658789721862782],[100.320605817086843,19.661003923438056],[100.324375000358529,19.663625753193376],[100.32634969496776,19.66600036318372],[100.327571153495768,19.668538865733886],[100.328645965554216,19.670760001852482],[100.329146426599308,19.673212836932684],[100.330494053994414,19.67647824113584],[100.332258589211094,19.680786839888334],[100.334149971000897,19.683001872633891],[100.335793736614548,19.684308899298266],[100.337340723168339,19.685525647747944],[100.339225045097052,19.686876339212226],[100.340911993041345,19.687591606910825],[100.342353897730661,19.687717305289201],[100.343570202496309,19.686707401916486],[100.345056706521461,19.686423325026823],[100.346452997357829,19.687976578838018],[100.348150494214991,19.688811148013666],[100.351221091131777,19.688424134853896],[100.353034600779424,19.68704574628223],[100.354221080268943,19.685353634197984],[100.35513010470379,19.684937356973286],[100.35600756525767,19.686477425349562],[100.357748733469634,19.687919976525446],[100.360169592559103,19.690221687291885],[100.362159547993798,19.692042461411081],[100.362763195673054,19.693442256452194],[100.363198184037998,19.694450930564702],[100.363697318109629,19.69560833073524],[100.364382039818651,19.697058832048434],[100.365832912543212,19.698230555628488],[100.367332221186842,19.699447387890519],[100.369074405493492,19.70098078822566],[100.369888567019174,19.703522052547285],[100.370385134616001,19.705428868303375],[100.371213279513512,19.706787259711675],[100.372087142379044,19.707872352929233],[100.373193796858487,19.708091337648828],[100.374057967360528,19.708039229458649],[100.374924080737628,19.70821455514298],[100.375599627086444,19.70857330034681],[100.37675665665617,19.709064819513301],[100.378918843114064,19.709139191605793],[100.380727432537199,19.709989598032081],[100.382407751850266,19.709885674192279],[100.384235293293528,19.7101445220569],[100.38524982927143,19.710819045656887],[100.386223398069006,19.712312706761413],[100.386857620212297,19.713445063001387],[100.387920220515085,19.714119197855009],[100.389270240062757,19.714700118754966],[100.389950560750705,19.715604653371738],[100.390375752471357,19.71755744042575],[100.390359186543208,19.721196792627378],[100.391772668527821,19.723551318562428],[100.394199289228297,19.726398345153854],[100.396088897242478,19.728248733932528],[100.397830480560486,19.72964535340979],[100.399856355258805,19.730584832586235],[100.402502372116743,19.731019044352003],[100.403901415400682,19.731690439967082],[100.404728256109024,19.732647191160844],[100.40564867254443,19.733723792821696],[100.406335938601444,19.735401529390963],[100.406951713910431,19.736447575572178],[100.407154116919031,19.736282418529029],[100.407855166706369,19.736187327892299],[100.409255242462564,19.736065643744634],[100.40964829674607,19.735969944453714],[100.410300095516718,19.735696028303696],[100.410897997451173,19.735183702940429],[100.411757891302898,19.734631050721283],[100.412378388771131,19.734171261657846],[100.413043719912991,19.733347197961113],[100.413714247601703,19.733114459525751],[100.414481248916815,19.732926447019583],[100.415632949501969,19.732780882356899],[100.416495219367192,19.732501129077566],[100.417098513824655,19.732698858561118],[100.417021224383845,19.732224031245345],[100.417399905493156,19.731584178702423],[100.417825817935935,19.730852972142003],[100.418205697265918,19.730349578139897],[100.418630799879949,19.729527396712477],[100.418901902706324,19.729346652376506],[100.419682603492348,19.728750947328852],[100.420533497071006,19.728666212396494],[100.421212169162558,19.728782869029498],[100.42151692597109,19.72888774048824],[100.422153720075798,19.72928247902794],[100.422699899661112,19.729275885276895],[100.422907761425137,19.729381523444065],[100.423456508126449,19.729597389224796],[100.424621615794251,19.729583613709814],[100.42531200786857,19.729471369949326],[100.425788639840178,19.729281830978909],[100.42602313844948,19.729129761581401],[100.426270777024982,19.728610548421866],[100.426350989246856,19.728241741794719],[100.426560078492983,19.728015336878546],[100.426967775825659,19.727492418351908],[100.42724211718749,19.727155726304357],[100.427725576688701,19.726684063261672],[100.428479119575854,19.725943505574634],[100.428682290345805,19.725722792368785],[100.429193783885765,19.724968826404098],[100.429707215002125,19.724366176585043],[100.430043912411463,19.723568923822299],[100.430362644727623,19.722985135224079],[100.430785477322118,19.722505440112954],[100.431426387069322,19.721923226122321],[100.432055139996422,19.721629968424036],[100.432713253535368,19.721493957726207],[100.433282730698025,19.721428420833519],[100.434164439164334,19.721136773642524],[100.434770231391113,19.720858433677506],[100.43531134264525,19.720697256211874],[100.436043861513213,19.720590935382827],[100.436292175730344,19.720552807064944],[100.43728189652748,19.720138310196766],[100.437569715096728,19.719916909211641],[100.438021351932136,19.719210833368852],[100.438412645629896,19.717692110769207],[100.438666666142552,19.71675949074676],[100.439431353201115,19.715922154377644],[100.439512157238056,19.715623358119732],[100.439764595340179,19.715447412009841],[100.440037020097222,19.714973157509231],[100.440013216903353,19.714112786327195],[100.439819015606616,19.713267335367451],[100.439545317744518,19.712799724134261],[100.439421353908415,19.71260647140604],[100.439538404887998,19.71229383202845],[100.439861545069292,19.71195695118023],[100.440770465593062,19.711439866561317],[100.441721416816947,19.711010212982785],[100.442609915149589,19.710649668860615],[100.443139821099663,19.710365328008574],[100.443643062726494,19.709900504940471],[100.444182142985539,19.709376666051607],[100.44467072052565,19.708740297896174],[100.445342331055002,19.708169085233067],[100.446062026073008,19.707574895744258],[100.446263721246225,19.707261570345239],[100.446035134698548,19.706506751730377],[100.445725084685066,19.706041701684434],[100.445479242045408,19.705389791567701],[100.445342083832358,19.704668642695669],[100.445151328512694,19.704097073513758],[100.444613155779251,19.703358297917269],[100.444028935014202,19.702802845172236],[100.443609270328224,19.702279946724701],[100.443342142557583,19.702127614715984],[100.442929058552323,19.701823515445625],[100.442307425156869,19.701183656171288],[100.441465619783628,19.700424723083906],[100.441102551615785,19.700061730615353],[100.440698384816599,19.699802967342272],[100.439218219473048,19.698529646301413],[100.438302669932398,19.697721596625509],[100.437450191080927,19.696664579527376],[100.43705553089903,19.696200189279608],[100.436456801668115,19.695048527673755],[100.436219191054846,19.694544480180991],[100.435586630749043,19.693542159855873],[100.435459763980646,19.69315467774317],[100.435198535613637,19.692847922492522],[100.435161976494115,19.692721129454736],[100.434968530801314,19.691886956007615],[100.434693013311801,19.691275920435903],[100.434544279495029,19.691043333333067],[100.434380932237929,19.690642589421081],[100.434094170369605,19.69010730904661],[100.433956888755475,19.689821550281291],[100.433898718804571,19.689130507718151],[100.433892525242371,19.688685936058278],[100.433885161001882,19.688193597260543],[100.433238703535878,19.687098769893467],[100.432708404761556,19.686461530044639],[100.432289145838439,19.686008616515803],[100.432055824467653,19.685816228897664],[100.431845522379561,19.68549716978087],[100.431662232240356,19.685330039631626],[100.43128041638839,19.685034123060237],[100.430777416079735,19.684649634257653],[100.430625205624466,19.684158448719689],[100.43046187605448,19.683757699893516],[100.430505936120042,19.68287166924091],[100.430502834385663,19.682510850601741],[100.430493732525534,19.681978773693942],[100.430560070666473,19.681254268445976],[100.430519394378251,19.68097290472371],[100.430427269293602,19.680171661084856],[100.430310620483311,19.679008839614045],[100.430175788311416,19.678056737813939],[100.430081456663672,19.677805642776676],[100.429636825557026,19.67653581563841],[100.429172659592894,19.675471748774772],[100.428807854242336,19.674639040720962],[100.428352450373566,19.673510908423648],[100.428648570769695,19.67322584708981],[100.429234189898267,19.672914371512604],[100.430551067764014,19.672449888718852],[100.43118799840363,19.672011143176313],[100.431628174801105,19.671367291556621],[100.431979348997857,19.671005357854284],[100.432573051050937,19.670633584344944],[100.433136450462101,19.670367326484232],[100.434085506188168,19.670044417852722],[100.434560191621571,19.669813337161607],[100.435201032082702,19.669347887101949],[100.436452201916936,19.668522341567801],[100.43881819677992,19.666926833962172],[100.441025047898222,19.665538115859313],[100.441932355109813,19.664878072304933],[100.442437699895635,19.664596196174546],[100.44272491172778,19.664318328758146],[100.443358028664093,19.663657136779015],[100.443746881685897,19.662996592381749],[100.44393665101407,19.66244290806317],[100.443863757539333,19.661558082033714],[100.443501681043401,19.660863051000824],[100.443438248728114,19.660635431347139],[100.443397313899609,19.660324058942301],[100.443428286014125,19.659921760904322],[100.443624769840611,19.659231278201823],[100.443679582222671,19.65882878864721],[100.443503356661594,19.658288432575397],[100.44350817804083,19.657911359875378],[100.443343303015581,19.657352037724046],[100.442993432488649,19.656620767430809],[100.442916062532859,19.656300652319818],[100.442891375718801,19.655406403120242],[100.442945866153508,19.654967776894104],[100.442788695087813,19.654122023636454],[100.442561348142348,19.653493668946396],[100.442786002194254,19.653087557883893],[100.442950075569939,19.652639017367378],[100.443380942575629,19.652231250603663],[100.443582666264817,19.652086141562162],[100.444064145294107,19.651647536163583],[100.444373818075974,19.651218153514801],[100.444632910040838,19.650664947996038],[100.444780579410647,19.649916130095026],[100.444699652834387,19.649331775575664],[100.444459386782313,19.648658352683363],[100.44433352200673,19.64831378162167],[100.444134594613629,19.647996901645367],[100.443873726500982,19.647551772444704],[100.443647463225503,19.647019409668676],[100.443407431818088,19.646329037681195],[100.443289633521118,19.645686251453522],[100.44316269341563,19.645287478843034],[100.442952337457243,19.645024897817216],[100.442633594254886,19.643904876738382],[100.442470657009906,19.643060938646268],[100.442359870227051,19.641923168411452],[100.442456919478246,19.640807345042372],[100.442780161145848,19.639630224005696],[100.443154840096781,19.638674043405516],[100.44328345620599,19.638327429116099],[100.443278580238754,19.637981885711039],[100.443395074916396,19.637612781508139],[100.443364462841288,19.637188389731492],[100.443318177122237,19.636477267535302],[100.443313018867343,19.636100104393492],[100.443163562140654,19.635848327736959],[100.443386982258701,19.635306703922232],[100.443734111002456,19.635003510553574],[100.444068088142657,19.634562640846006],[100.444412780315218,19.634053923305519],[100.444816608679176,19.633427277506453],[100.44517158837823,19.632803281953212],[100.445286550366291,19.632330288462068],[100.445640101557075,19.631613696550662],[100.446317644951932,19.630607644513404],[100.446693705407228,19.630146865260301],[100.447034138546627,19.629759386706095],[100.447309678831829,19.629084076008869],[100.447634283784296,19.628430957421511],[100.44794656663862,19.628231937798834],[100.448895184140071,19.627951000202572],[100.450061355292632,19.628736673315913],[100.451212503073791,19.629109116257144],[100.452396636557381,19.628970728233142],[100.45351150096765,19.628889539376338],[100.454814959804466,19.62863732670279],[100.455678728225038,19.628729725503849],[100.456143971139696,19.628443624311579],[100.456701980813079,19.62800317953015],[100.458001995168502,19.625439350382123],[100.45945409151274,19.622562403177614],[100.459745902807583,19.621979411846713],[100.459863632369334,19.620564510800619],[100.459710047474871,19.619856524046305],[100.460402935327934,19.619046807888534],[100.461814525041973,19.61876882651206],[100.463112598092053,19.618243995493767],[100.463865643668967,19.617901455145532],[100.465304465019443,19.61701758875461],[100.467136472640732,19.615735317774835],[100.468091892789474,19.615097065175704],[100.469061046861142,19.614812106777883],[100.469758205070377,19.614558771249211],[100.470422750795521,19.614278470736444],[100.470872178013749,19.614346887975646],[100.471380938898591,19.614277420708468],[100.472466307772805,19.614042680467684],[100.47412273165483,19.613923509391238],[100.476085871083981,19.613761205892054],[100.477318124622599,19.613562571435846],[100.47860925682356,19.613040117838111],[100.480019910115175,19.612162519617712],[100.480379859676106,19.61180833563748],[100.480905995101708,19.611347312610327],[100.481204244424887,19.611155573663133],[100.481868698661103,19.610731781194009],[100.482396244632781,19.610401530293501],[100.4830541856699,19.610086674374756],[100.483324876064515,19.609779522996519],[100.483038582494814,19.609099757590695],[100.482494942553544,19.607907129369661],[100.482321043319899,19.607179016660904],[100.482029577433224,19.605917207997507],[100.482007019886453,19.605250411717776],[100.48210979787595,19.604598245987653],[100.482622487885067,19.603576759794027],[100.483484777314914,19.602541422920574],[100.484117788275015,19.601862101612948],[100.484410527579513,19.601463137260517],[100.48473571191947,19.600733215037437],[100.485141218423493,19.59986022579638],[100.485268403908236,19.599544495178677],[100.485824794296974,19.598945136439966],[100.48612637173072,19.59865274222097],[100.486603313015962,19.597514948712647],[100.486627175521463,19.59666795699534],[100.486562685824566,19.595828897320441],[100.486520710719873,19.595462485329005],[100.486693801501886,19.594519996577553],[100.486882295460518,19.593248249798396],[100.486425321659468,19.592536015319752],[100.486164487867711,19.591901216457856],[100.485772873137009,19.59045436769739],[100.485553924678229,19.589968295637302],[100.485035671797775,19.589250152795518],[100.484590720007816,19.588691036653859],[100.484402149523746,19.588333457872224],[100.484505513167548,19.587910232021727],[100.484795875632884,19.587568862956324],[100.484993719331129,19.587394121821575],[100.485404262856264,19.586967732691942],[100.485820787483803,19.586650343028971],[100.486545406804893,19.586016455051436],[100.487042436549956,19.585610310261554],[100.487294466459247,19.58538462153502],[100.488497793083056,19.584784045460285],[100.489053761885245,19.584426693722289],[100.489692007705301,19.583836236032798],[100.49044516850698,19.582880828208705],[100.491033906154982,19.582245788239621],[100.491374346186248,19.581432105332976],[100.491884705513201,19.578044374368933],[100.491764296401158,19.576807610699959],[100.4913009599112,19.575853759156974],[100.490725423180592,19.574812744466957],[100.490301119092067,19.57412823610127],[100.490026403718119,19.573493799431326],[100.489887350626091,19.57307821997405],[100.489950213198597,19.571880596188333],[100.490040053723007,19.570766320956842],[100.489771169526875,19.568993212017631],[100.488991435461656,19.568137570335402],[100.487649114510305,19.566451623335318],[100.486915227229616,19.565192555348613],[100.473648768446296,19.562405965323883],[100.471352207200212,19.561932303805072],[100.469177770966155,19.561918394472084],[100.466568948791689,19.562418457169574],[100.463105117980419,19.563892144615416],[100.458977100894685,19.565642185341229],[100.452492298236479,19.567325290551551],[100.45018017545793,19.568111851367817],[100.443077429528245,19.570535938109618],[100.431503383971545,19.57235606848883],[100.420577777604194,19.568665809303198],[100.414313814651592,19.56466056149576],[100.411834050575806,19.564413444820058],[100.40551704423288,19.559606425192239],[100.403037364973201,19.560048103188258],[100.400908666409265,19.561469584742355],[100.394370437227863,19.561023282886662],[100.392439869703736,19.560206959930543],[100.390448654544102,19.559332354378874],[100.380545919540708,19.556851425092535],[100.378477993769124,19.558504840009657],[100.372618176797701,19.563803414537368],[100.370787446068903,19.565628871019147],[100.368963625595541,19.566936997210423],[100.357153155094878,19.567660924835579],[100.352285908120407,19.563374131322757],[100.347974884167229,19.558175001171168],[100.345205753300391,19.555916525422575],[100.342260613045553,19.553254985046479],[100.337278674110024,19.54839485190821],[100.332685741858953,19.548074167955477],[100.329900768004492,19.548343166167125],[100.320921126743784,19.543394480341718],[100.314527332833535,19.548403762052953],[100.307401568992802,19.553406841817033],[100.299588839729665,19.55369364211548],[100.297398634531845,19.554538385436214],[100.294415985734034,19.557159715220152],[100.291623263354381,19.558058405314629],[100.292057843790715,19.56363010938826],[100.291554681974645,19.565754759609199],[100.289463921861966,19.569241545374904],[100.288815011067413,19.573946823913715],[100.286892483425746,19.578756062093877],[100.287281723712468,19.582378718409664],[100.280445807531549,19.581982391119844],[100.279102947499524,19.583579886429206],[100.270580663286111,19.589088472563965],[100.268627156376212,19.590565962310219],[100.262141888685349,19.590862214339396],[100.260463883752706,19.589701609362422],[100.252467780860201,19.58964213366508],[100.249675534544821,19.590940024720666],[100.242938284412261,19.592497780895805],[100.235476583189552,19.593933761198773],[100.231334041546774,19.596428794114662],[100.229563771373606,19.59871330478278],[100.226946678611199,19.600131642506572],[100.226862345401145,19.607824884859667],[100.228650400678319,19.606386873942199],[100.229498889411289,19.606133115981972],[100.230311281222725,19.60679810874781],[100.231978317581522,19.609587748974249],[100.233034526112945,19.610414830064393],[100.233972414056851,19.611037222671836],[100.234349700500715,19.611565200273947],[100.234424354192484,19.613195677277897],[100.234513296522891,19.613981086154677],[100.235454964015545,19.615094704995105],[100.237738356594605,19.619277603947406],[100.23778008691427,19.622659746641478],[100.238660728087538,19.624717603272867],[100.240709897043615,19.626777808389146],[100.244122350637923,19.629687051001675],[100.244696511981644,19.632010946872679],[100.245409835670117,19.633815564648405],[100.245464572394496,19.635431546738207],[100.24730019275475,19.639020430176984],[100.24743497338288,19.644465812183814],[100.247282461557006,19.648727292805738],[100.247671997048087,19.651140293322452],[100.24851426574358,19.652144649726178],[100.249026592410189,19.65244854451273],[100.249860712790777,19.652398826579681],[100.250088765058038,19.651914101163765],[100.249708712773469,19.650730853475565],[100.250486937933701,19.649451710310817],[100.251034384017487,19.648305935211052],[100.251583525297875,19.64737975601604],[100.252695421601146,19.647284171079431],[100.254548350705633,19.647095568124715],[100.255057256482417,19.646960252145071],[100.256297622985059,19.645502173711499],[100.258430034912394,19.645487266534118],[100.259726995740337,19.645346422242163],[100.260979312272667,19.645425490261776],[100.26130929923491,19.646125923779792],[100.260301791022272,19.647714168231456],[100.260632466410669,19.648502441320094],[100.261376590105741,19.648804675443298],[100.263738766455489,19.648524561503095],[100.264845496691095,19.647770112934584],[100.265950494292213,19.646796061985818],[100.266912617201641,19.645339873278459],[100.267037555537712,19.643538206054693],[100.266981205448886,19.642264875258061],[100.268274334796999,19.641640859881949],[100.26911114952037,19.641942409512716],[100.269581265995768,19.642773602871742],[100.269035007004575,19.644051184338],[100.268349325245907,19.645285826012103],[100.268543033728463,19.64633857858432],[100.269243910884171,19.647036379366504],[100.270424977446325,19.646896275610072],[100.270837003851881,19.646234540996762],[100.271434453197855,19.645571494890675],[100.272732436245434,19.645562314715278],[100.273942904118428,19.64621256815251],[100.274319997959196,19.647000484289006],[100.274099652765173,19.648451455858744],[100.275130963309081,19.649893556115508],[100.276020440457984,19.650985283982148],[100.278525511867812,19.651187097365696],[100.279690730807758,19.651969394530511],[100.280663905084836,19.651918544494727],[100.280797402973292,19.651214850888771],[100.28041504102525,19.649768166734553],[100.280449552927294,19.64827459210408],[100.280716894007824,19.646911123762674],[100.281449537966807,19.645763947693744],[100.282320891249782,19.644571858730341],[100.283103708760549,19.643907454727291],[100.283936717109427,19.643725824925415],[100.285193916728005,19.64441958898788],[100.285797593563586,19.644547038736949],[100.287437977662677,19.643876484286093],[100.289240241107422,19.643160833969084],[100.290306418156092,19.643153189162035],[100.291423165522033,19.643672230778733],[100.297336361131045,19.647342675799027],[100.3010363649353,19.6478264386819]]]]}},
{"type":"Feature","properties":{"id":9,"amphoe_e":"Pong","province_t":"พะเยา","province_e":"Phayao","amp_code":5606.0,"prov_code":56.0,"area__km":1684.0,"amphoe_t":"อำเภอปง","status_amp":4},"geometry":{"type":"MultiPolygon","coordinates":[[[[100.239929683819327,19.343204115930249],[100.247009564127055,19.349001888512287],[100.252289186368202,19.353119817767819],[100.25536423145023,19.348088378733248],[100.25963643277781,19.3436404577477],[100.267464449562553,19.340369490476139],[100.279359024317813,19.335115753256325],[100.285020505080254,19.337056981994131],[100.289933596292528,19.335425239414889],[100.292405526980502,19.33619156482305],[100.290734857563265,19.340486262952894],[100.290741990648328,19.340495157642192],[100.292588405430891,19.342797523413083],[100.29763202922959,19.339906443258815],[100.308778387015778,19.336829202637432],[100.311288406101028,19.340639959634522],[100.312425289576794,19.348228374162488],[100.310990833433905,19.353215004548684],[100.312669492746437,19.362242920903981],[100.319039846865152,19.365677792519939],[100.324998490628701,19.368939232504182],[100.332620544346071,19.375427487707434],[100.3398072686756,19.376052366515616],[100.342355597767423,19.368028228153779],[100.348535511053313,19.36014887247628],[100.351121888997056,19.361661194645972],[100.354021366205899,19.368515565681438],[100.358194222348686,19.375265501167934],[100.356149643957849,19.388058982325976],[100.35770568488654,19.397374087471405],[100.363969755953747,19.393281636562687],[100.369310247223865,19.390792929841862],[100.370439681589019,19.386092845380034],[100.37565830845621,19.383659097890742],[100.381700908105842,19.38404473069804],[100.386766960770274,19.385688991021059],[100.39029169039658,19.39116905618479],[100.385828215977227,19.396479710609835],[100.38974971004447,19.397425578312216],[100.395296378425812,19.399472480709324],[100.404909913491906,19.399881811683411],[100.420108019591098,19.404809824202705],[100.432711717811188,19.401334027695395],[100.445331164861244,19.395731762717094],[100.460170370335163,19.40065245518581],[100.473033745966333,19.402572490123561],[100.488150164339217,19.398695053568044],[100.487959274027403,19.39696625916438],[100.487683428115773,19.395703496803975],[100.487535572994034,19.394112577264149],[100.487529513045018,19.393445672544598],[100.485991504333839,19.389932917254864],[100.486185384188417,19.389169098549896],[100.487481042443733,19.388110432957863],[100.487978702131016,19.38762996542215],[100.48796312089604,19.385915066590773],[100.488147466132105,19.384103252491744],[100.4879259057425,19.381818362466404],[100.490029840650394,19.381324744172716],[100.491535740443595,19.381312402636087],[100.494435845253776,19.38004997179473],[100.495725289815695,19.378324351406484],[100.49621245650512,19.376700601625558],[100.495691374446793,19.374608746193161],[100.495473209326619,19.372704957131297],[100.496168096779044,19.371841733168367],[100.49797506676336,19.371826867847581],[100.501392591313447,19.372275098627593],[100.505201180238757,19.371576684164037],[100.510860592739604,19.375626764931841],[100.512687820725475,19.377802988103465],[100.51530589287924,19.378638706366051],[100.517013413497182,19.378719754115654],[100.519511688655257,19.377460287214262],[100.523402080188632,19.374759965217617],[100.525887823621048,19.372166628576338],[100.526581652722101,19.371208028748029],[100.529227200328364,19.369613730209696],[100.53287563628966,19.367915674459503],[100.533471697167869,19.367243708396042],[100.533662659328698,19.366194042937131],[100.534558964245207,19.365424265960947],[100.533644836851423,19.364288635560207],[100.532681867938777,19.363296327782031],[100.53226254301012,19.36139429865182],[100.532340669264443,19.359011691803822],[100.531422148271048,19.35739969324127],[100.531407028575359,19.355780093726647],[100.531400803258734,19.355113199721657],[100.531091675038468,19.354258296381541],[100.529483899965115,19.354081250018396],[100.528577863268495,19.353803022503325],[100.529074409501433,19.353227185263545],[100.53138212885024,19.353112517401446],[100.532496604469742,19.352650845440571],[100.533977604615131,19.351566227137138],[100.536142128175086,19.350006640287919],[100.539969586928564,19.349820747872396],[100.543042040072706,19.349641172848898],[100.545085998899694,19.349060744710705],[100.546722591364912,19.348176607551267],[100.547895958310065,19.346784482923436],[100.55056667223549,19.34404864808268],[100.555391868905815,19.341038446272023],[100.557009126279894,19.340973443527815],[100.558678848115818,19.340754405136586],[100.560349050778839,19.340586538412484],[100.561957770602504,19.340017250175784],[100.563148507830164,19.339915152323222],[100.564709613816419,19.339781285888687],[100.56384097745071,19.339174453145134],[100.563020911724024,19.338004100520404],[100.561281729800683,19.336585665212571],[100.559088121484066,19.335580626025571],[100.558704018329564,19.333830482753488],[100.558997274434262,19.331690895117593],[100.559668126109457,19.328511320823829],[100.559325171643906,19.326466617541314],[100.558708262000749,19.323963536058706],[100.558980540004612,19.321401660895663],[100.558641983818106,19.319817634589956],[100.560941003297259,19.31775033575105],[100.561791032297222,19.316412095415711],[100.561829389383789,19.314773657100297],[100.561736096939583,19.310627988727035],[100.564378399497741,19.310656544148905],[100.565832143358719,19.310439310659149],[100.567173664083654,19.309762311975501],[100.568287369803059,19.308724695368049],[100.568719600836189,19.307906157491978],[100.568732401239373,19.306421512921705],[100.569638667100335,19.305338712761589],[100.570981107553266,19.304764062967784],[100.571735882158094,19.304757564436553],[100.572504356125776,19.306184286643976],[100.573800013495699,19.306916273093623],[100.575111289020796,19.308158243022419],[100.579822897586098,19.310318709477453],[100.58154962378714,19.310457322367913],[100.582742136892122,19.311112459094193],[100.584051362919794,19.312688003520051],[100.585947263836189,19.313592961213377],[100.587196201561113,19.314503527792152],[100.587083153305784,19.316756890974954],[100.587591796111525,19.317398549131553],[100.589099319384943,19.318940524893897],[100.590291922910566,19.31959560513544],[100.590838026531216,19.320307507572888],[100.591988627947202,19.322191509616186],[100.59335492981397,19.324073617749509],[100.594492178630944,19.324575579673681],[100.595409784432761,19.324669934045207],[100.595635398235629,19.325691764535225],[100.596181546103793,19.326403647402426],[100.597640840076323,19.326749197840506],[100.599476576218891,19.326989053915614],[100.600788086649004,19.328769197946261],[100.604855551000796,19.331139369675483],[100.606000886896538,19.332460222738057],[100.607087813068432,19.333320872602361],[100.608114314400254,19.333516579083192],[100.609468356104912,19.334118907047795],[100.610157789382995,19.332935450235993],[100.610250577727513,19.331398933373997],[100.61095511289416,19.330217388499342],[100.612385781436942,19.329178895249047],[100.614106172627146,19.328651773128268],[100.614365709791414,19.327625678217821],[100.614931651582225,19.324856414594898],[100.615458251478671,19.323572003865777],[100.616632855171545,19.322384228314291],[100.616906236392481,19.320027072351866],[100.61440648089588,19.318052811001518],[100.612974039344692,19.314942897983457],[100.612352369050754,19.312030565888811],[100.612002163712262,19.306556331489436],[100.611712043200143,19.30446010336254],[100.611676444698304,19.300825925503883],[100.610942542963102,19.297453859725159],[100.610759276120959,19.295254303268429],[100.611299761157028,19.292638839907241],[100.611978005424533,19.290329299950159],[100.612181102688595,19.2890477548844],[100.612061263659598,19.287820250405815],[100.610743992288349,19.285425936321008],[100.610291664810063,19.280515669139593],[100.609308901080666,19.279244573672706],[100.60768031888307,19.278081535776714],[100.607771642286821,19.276391454301947],[100.606455034525837,19.27404828116012],[100.6056759777765,19.271546802885851],[100.604681347832468,19.269047211768235],[100.605281259527047,19.266994330767968],[100.605906113307611,19.264736467866669],[100.606003440791071,19.263660615736139],[100.605560294798167,19.2624359392393],[100.6055433515766,19.260695615609141],[100.606226567257892,19.258897952820423],[100.60605191934296,19.257568537065936],[100.605340808671727,19.25649978238344],[100.604263888077341,19.256611612879226],[100.603288787540706,19.256108259306636],[100.60151183430709,19.253513113491234],[100.600255371753519,19.25178363269049],[100.601312893825224,19.249675567725419],[100.603283587145057,19.247252355200544],[100.605732778682324,19.244159450322265],[100.607085591325401,19.241946385822001],[100.607920430573643,19.239123579225904],[100.610005672335603,19.237415965241077],[100.610961701187961,19.235974222874823],[100.61153200467912,19.233665635725558],[100.612004010320476,19.232330530183926],[100.614040739970875,19.231186398198926],[100.615445228593757,19.22876806598893],[100.616752669147957,19.226653951238244],[100.616813219621065,19.225377431074698],[100.615867785462356,19.223643045700541],[100.615756869498227,19.222059380583062],[100.616805015015728,19.219029900703028],[100.617264927487682,19.216466323053996],[100.618878772103272,19.213431839800112],[100.619168983930294,19.210050712309489],[100.620542288323975,19.207223104896521],[100.621322740747985,19.201636454923218],[100.621611396578288,19.198101766739168],[100.620237422921804,19.196811087514355],[100.619316540176968,19.194845860640211],[100.618645012005004,19.192292266321054],[100.619097347280587,19.18896089362158],[100.618680287675602,19.187633621861007],[100.618066180070883,19.185437847997573],[100.618092049866092,19.182570950916293],[100.619148464216806,19.180411630292401],[100.621230384044878,19.178448010201752],[100.62264089375347,19.176695068400214],[100.622505090035943,19.173829602521607],[100.625738195527603,19.173903376188921],[100.626188357912056,19.170367249846407],[100.62510549405178,19.169813743864637],[100.625416650900462,19.168582418530676],[100.627112562248584,19.162987639577079],[100.627797731197418,19.161445854482839],[100.628727578916269,19.157393566534694],[100.629177158254649,19.153806248768525],[100.627757991438045,19.149160493748109],[100.627204333295353,19.147629681914538],[100.625136110900655,19.145446789484041],[100.625169925496451,19.143398867333801],[100.624444223432846,19.140794561742865],[100.624751341712638,19.139153747950228],[100.625167170122822,19.137614354059536],[100.625307700651092,19.135463105871505],[100.624610470700205,19.133012117040018],[100.624646804649444,19.131220123206457],[100.625117475552784,19.129782626263868],[100.625955597276146,19.127369258072886],[100.62573417478788,19.126756927453222],[100.62569322713739,19.125323950826377],[100.625939454207867,19.122967003864769],[100.625134485064962,19.117752664961241],[100.624366580342979,19.116326104787376],[100.623559270781655,19.113620118848338],[100.622352125261585,19.111327177970608],[100.621483568422931,19.11061816002146],[100.619750962801945,19.109660788348688],[100.618880930822726,19.108798197020462],[100.617476915761742,19.108401011732496],[100.615359472238723,19.106627920867652],[100.613633394830458,19.106335911984889],[100.612056462876211,19.104762804603819],[100.610756222792062,19.103955127364259],[100.610532415796925,19.103086836794454],[100.609935654798292,19.102631335690308],[100.609346818010096,19.102994820901042],[100.608814299100843,19.103613767882532],[100.607675609979054,19.10354408084719],[100.606872876100283,19.103323574154917],[100.606060739943175,19.102869939304718],[100.605580554974551,19.103077698613049],[100.604619041166302,19.103776408506274],[100.603169734303691,19.104095846021721],[100.602127521980449,19.104795246504647],[100.600915080166132,19.104575683187875],[100.597864469215921,19.101994270014377],[100.595279745808398,19.101709867151996],[100.593890544761052,19.099881013875358],[100.592106050645953,19.098899304329475],[100.589682737763766,19.09861342357528],[100.589190606249815,19.097773931013982],[100.588465959612236,19.097933589684974],[100.586601567539532,19.097029215949952],[100.584745226807129,19.096968494112019],[100.583620102622589,19.097438394353325],[100.582894720932757,19.097521333838664],[100.581604584300024,19.097609121199664],[100.58161478781021,19.098682887424676],[100.580906155900095,19.10052986429324],[100.580765923295886,19.102755479588271],[100.579807937688201,19.103837555324215],[100.578522114852717,19.104385510546852],[100.577644060996789,19.105390187116402],[100.576758727566286,19.10562788313532],[100.575107387916972,19.105166131673975],[100.572861276753812,19.103053282617513],[100.570832637747287,19.101843334138771],[100.568993437478525,19.099327775941092],[100.569220814301744,19.097637477542868],[100.568566182139634,19.096800176011708],[100.568637465361292,19.095802413824416],[100.56934188329646,19.093495286474411],[100.570948922006096,19.092791250830857],[100.572396041238989,19.092241975324061],[100.572468750254387,19.091397608926922],[100.571571897779876,19.090408107299833],[100.569946806173434,19.089194694579479],[100.569527525549447,19.087510772754857],[100.567981707464426,19.086143255699277],[100.565874083994004,19.085087316128639],[100.566191009361901,19.08447098765447],[100.566261586300925,19.083396526181261],[100.565686063171583,19.082250850106306],[100.56519122024234,19.081104486474903],[100.564048854465398,19.079733503134459],[100.565006822706636,19.078651509249742],[100.567915293085989,19.079087019228083],[100.568394985631997,19.078622711994154],[100.567216606851872,19.077712281500062],[100.563979003220979,19.076589210781908],[100.563796792619968,19.074366324889461],[100.56670085967059,19.07434166971888],[100.566970059131194,19.073441514752528],[100.565556371789938,19.072740597167673],[100.568372523724761,19.071949619581275],[100.571350702306148,19.07123392422789],[100.573679176869717,19.070063502360824],[100.574388512654551,19.068293249071296],[100.577437825188412,19.066579698825031],[100.58007794172002,19.064255974519249],[100.581590172747312,19.062095298516411],[100.582387332388294,19.061091308665873],[100.584774591312652,19.060224917328579],[100.584942260875408,19.058308029607584],[100.586304728504047,19.057375871895815],[100.590760117286479,19.055113099076021],[100.592857962289287,19.055171705578289],[100.594218891141281,19.054086099192013],[100.596141466529772,19.052688811700204],[100.596773511065351,19.051302676334629],[100.597736244555449,19.05075741802116],[100.600707267391201,19.049351007883185],[100.602478732109589,19.049028821626617],[100.6044048626121,19.048014942400375],[100.60593507913832,19.047771524571424],[100.608749838638687,19.046903275794079],[100.61175093633365,19.045679343499362],[100.615104161277131,19.042055070196881],[100.615089902879376,19.040580981236054],[100.61704974502014,19.039223634232034],[100.618018618109303,19.037405886233284],[100.619400460834896,19.034579368842579],[100.61938682009287,19.033172285784879],[100.616693333311233,19.031520638320767],[100.615411556268,19.030124647198843],[100.614765171856149,19.028857112414894],[100.613911970567983,19.028060450231283],[100.610521846562804,19.02721890613709],[100.609019766763879,19.024886645003463],[100.607515153048311,19.022286350271482],[100.606231593248722,19.020689269768379],[100.604785442509439,19.020500802997574],[100.603101715753482,19.021252527953145],[100.601770867415127,19.022068190293876],[100.600939579610241,19.023549618465523],[100.599116823253468,19.024503545210656],[100.597988315487243,19.024379287860825],[100.595666609056977,19.024734403769294],[100.594201180902573,19.026221281176078],[100.592938783119479,19.02683526296595],[100.590763035997895,19.027725144956328],[100.58836698603649,19.027678750043222],[100.586393019193068,19.027561689537862],[100.584785936204554,19.028982704447891],[100.582967461698829,19.030405518500995],[100.581736407456702,19.03061709558866],[100.579620861544029,19.030434166131034],[100.575815666339139,19.030399654980737],[100.574183733093093,19.030301463934482],[100.572567169554375,19.029623207218172],[100.571076910002432,19.028496701453474],[100.570089290677544,19.028371075759964],[100.569039397525131,19.029117116387074],[100.567842297533602,19.029194290912312],[100.566017382951287,19.029946891369875],[100.564478037080065,19.031099122942766],[100.562594536470002,19.033125399193857],[100.561277155166991,19.035414918363838],[100.560033327482614,19.038038864275709],[100.559286436191854,19.041060674570172],[100.558316255360637,19.042811155548673],[100.556954767494844,19.044162865866429],[100.555126516173047,19.044580342843428],[100.553569501557249,19.043856328275119],[100.552709009764129,19.042255296179736],[100.551432623131277,19.041394878530348],[100.549660541542963,19.040270566439379],[100.547897178318578,19.040084322839927],[100.547059729001845,19.040962490195014],[100.54623281974321,19.04297976088866],[100.545471391833146,19.044460388774386],[100.543791459558008,19.045680651739719],[100.54147300367427,19.04643715308125],[100.53869329681828,19.046773063116735],[100.536536281303853,19.046009229352894],[100.535327320433282,19.044813077340585],[100.534255606221677,19.043213705120682],[100.533609756844925,19.04194584729283],[100.532827917184989,19.041215209895331],[100.53155777641274,19.0410247143422],[100.530012548139041,19.041573620192032],[100.528399300827928,19.042391124415886],[100.526431276693529,19.042943501174669],[100.524530640986626,19.043160241251286],[100.523118343814815,19.04283683765798],[100.521922933843769,19.043114743817554],[100.519108716178877,19.04360700578632],[100.51720805767313,19.043823671620476],[100.514738219773108,19.043441878859714],[100.513611100710449,19.044773565956291],[100.512347018361822,19.047011118109822],[100.510989798197727,19.047309612386293],[100.50805194794529,19.048267622267907],[100.506276608618279,19.048282118291159],[100.504313048985395,19.048369976397343],[100.502197099392376,19.048315363657348],[100.500617725939236,19.049118507554251],[100.497983252087067,19.050217586083761],[100.496848749851964,19.050083099808383],[100.495952482299089,19.051239891279305],[100.494447953276463,19.051970533545756],[100.493548119234774,19.051756246524313],[100.492774962032314,19.050762701627992],[100.493442679722605,19.049392237635963],[100.493352349145994,19.047740524470807],[100.492646092744167,19.044800574316103],[100.491420040623538,19.042870655333449],[100.490345746346392,19.041011346806318],[100.489798354339428,19.038932243376692],[100.488437304167419,19.038799527772714],[100.487082012715149,19.03931336624008],[100.485886748110858,19.040831746614938],[100.485203659704837,19.040478014012816],[100.484056460133473,19.038906632490974],[100.482390689234848,19.038488937658144],[100.480876010923311,19.038070015705735],[100.480999705094803,19.034979654398629],[100.481598937451494,19.034400082014244],[100.481516388060328,19.03361044033873],[100.481947964820591,19.031164220815782],[100.479954667282101,19.027875290826419],[100.47847242845755,19.026792284265813],[100.448156996906505,19.034112873878566],[100.44015726687087,19.036043731558795],[100.437311561853392,19.036711932093294],[100.434404364615489,19.03789784565582],[100.424173235585755,19.039951277041499],[100.421945690293683,19.039588954313494],[100.413003891675388,19.039867667996543],[100.404153373135003,19.036813409094545],[100.398095711740609,19.039066295937939],[100.393304423176446,19.041734111886985],[100.388764626853089,19.042100369836675],[100.386170587125306,19.042081461362645],[100.37514594324972,19.03941029853107],[100.372796278109618,19.038991812743379],[100.370972343443938,19.039897629785337],[100.363442105264298,19.044209167820192],[100.360665135030843,19.04390211262761],[100.354851169150976,19.045636795984258],[100.352485941230739,19.047115657672521],[100.34989929387929,19.051695344914862],[100.348953130074349,19.055942250089082],[100.348190289752594,19.059729251638611],[100.344512985875468,19.059530194373711],[100.336486596058634,19.064754670552411],[100.334060414518916,19.065944615702872],[100.323180746124734,19.072756861402691],[100.316130983088186,19.071320934540111],[100.315368121489598,19.068959010946244],[100.315032190140556,19.06010184693665],[100.313903129072216,19.058137835297792],[100.305373723864903,19.05370080967085],[100.303137873791442,19.053797933137588],[100.300955783055315,19.054468424394202],[100.294486364407916,19.054764661799123],[100.293669813966645,19.052168069309054],[100.29500533704929,19.045567066416208],[100.286284594999529,19.041586745029544],[100.283942334072805,19.040647503585227],[100.280509178505952,19.033431343642096],[100.280059131493019,19.030728215042657],[100.277808269105478,19.026341057342684],[100.275458263916391,19.02528653901469],[100.265807288435028,19.024745235433887],[100.263045513025162,19.02317154834164],[100.2589635746033,19.020780024831666],[100.257346152760775,19.019444677142978],[100.251181222228354,19.019565576563359],[100.250792190418181,19.022091506307998],[100.247992093835094,19.030233781988844],[100.24485633491004,19.02986413170299],[100.236502336358001,19.025996345834919],[100.235372822784299,19.030241790623361],[100.232351689886443,19.030677624702935],[100.228864914121161,19.028520908949599],[100.219678719439599,19.035056109719488],[100.217268095268594,19.034864182840433],[100.215215683406043,19.034443966353123],[100.2106150080253,19.030322100480134],[100.209058307279136,19.028642547523429],[100.200795904521428,19.027824447294012],[100.199178467010839,19.026601522930527],[100.194593199994756,19.020064219825993],[100.191815841670646,19.020039227783343],[100.184697449859399,19.019289809288406],[100.17774713337694,19.014743849048784],[100.175686860440806,19.015186181102806],[100.166852215333449,19.017006472143144],[100.164685089703937,19.016353718304011],[100.161862577115883,19.015122222356599],[100.157795975718756,19.011465471387424],[100.147343154093562,19.012061507446592],[100.144863820340177,19.011753829243439],[100.139805396495419,19.010960520236878],[100.13738681865064,19.010939267745705],[100.131573044408157,19.012497553058672],[100.12733845492113,19.018611629417713],[100.124080660420518,19.018581769589982],[100.120266099048251,19.019293946299392],[100.115344946191343,19.022009754715288],[100.113437269039224,19.02481122402661],[100.113902666086872,19.032003591999132],[100.115733801953724,19.035871379540342],[100.121722866160027,19.034890811618652],[100.123897059872306,19.040373919100464],[100.121524168956583,19.04730788481087],[100.12162360215936,19.049555056835644],[100.127773128495036,19.055644177498369],[100.128177348043252,19.062721616240726],[100.126757762553936,19.065355325095208],[100.123652876259328,19.06814387941991],[100.121760685759853,19.069678008255355],[100.116923287371932,19.070211140230356],[100.115672100328524,19.074167567026251],[100.113100890674815,19.07713571120345],[100.109179295090598,19.081697820922521],[100.111872046193426,19.0898887941553],[100.114023604280632,19.097152248552941],[100.113329200322383,19.099562350794375],[100.11233714119777,19.101795782667676],[100.111757249198462,19.110413094686859],[100.112337345576705,19.112490186866523],[100.114435167166036,19.119925618597065],[100.11462588098172,19.124354476864404],[100.114717491424642,19.127116749041967],[100.116281307746789,19.132763941182294],[100.117341602953829,19.135536138745461],[100.118005720558486,19.140888315656884],[100.117776781356724,19.145543353634185],[100.117929164241431,19.148316540838643],[100.123445399734081,19.146688017028911],[100.129052870497091,19.147656672111484],[100.131021224166759,19.149860689951289],[100.12992281503314,19.156289902150654],[100.131333713182016,19.165272194490601],[100.132089340679215,19.16844148509362],[100.135789142776375,19.17773263176062],[100.135636448309299,19.180776492573347],[100.137726837784641,19.188559455699288],[100.139817676387082,19.190936527883785],[100.145562532940104,19.201565583726051],[100.153214359906357,19.203876029209002],[100.160523430703506,19.210091883510113],[100.16213331008619,19.212464936278227],[100.162920118537244,19.212721947704779],[100.169724620642,19.214944464577083],[100.172738166326354,19.215370226303801],[100.182641606842296,19.222646045469531],[100.183641100367169,19.225068005435862],[100.194543627737758,19.229187640833118],[100.195237805019062,19.231783199836105],[100.20157760157413,19.232694995928718],[100.206926063189101,19.230558973373729],[100.21267142679433,19.228975879803553],[100.216531869765461,19.236014067694306],[100.221185620884782,19.242138758639477],[100.221551775788285,19.248230992947203],[100.22231436150193,19.256620192500041],[100.227349743665599,19.260855897218146],[100.224747959754538,19.267957422290692],[100.230172408327391,19.269206344592472],[100.243707506666198,19.268678785981912],[100.242792245962761,19.263385531909567],[100.253664122248779,19.264214890662164],[100.263147601258169,19.263887586796834],[100.268770698687277,19.263814771269448],[100.264902494007217,19.270794548442488],[100.265069775665793,19.278719958793172],[100.261384668747112,19.284896489442378],[100.261033555746252,19.29069305543112],[100.252824028645222,19.296146136384579],[100.245614209140541,19.304246297688646],[100.244240820932106,19.308888733777916],[100.249543439363393,19.31105269810913],[100.247612806597331,19.316957191866365],[100.245766449063595,19.320733183414834],[100.240433614854439,19.322011940632116],[100.234016887541628,19.32282350660677],[100.234428902846162,19.330236797230789],[100.23251104657308,19.333646832622971],[100.231727771265213,19.335039487589953],[100.239822991241454,19.335849776029107],[100.241676495815852,19.337703032386319],[100.239929683819327,19.343204115930249]]]]}},
{"type":"Feature","properties":{"id":1,"amphoe_e":"Chiang Kham","province_t":"พะเยา","province_e":"Phayao","amp_code":5603.0,"prov_code":56.0,"area__km":794.0,"amphoe_t":"อำเภอเชียงคำ","status_amp":2},"geometry":{"type":"MultiPolygon","coordinates":[[[[100.163833051220593,19.576039897352608],[100.164673048273201,19.575835082873308],[100.16501599981811,19.574769437309268],[100.165994313082351,19.574297866032868],[100.167120992349936,19.57495522498343],[100.168810548618751,19.57587478797651],[100.168284683271878,19.577072827537194],[100.167491214926471,19.577677869613055],[100.167420715538071,19.579464781196176],[100.166547274617642,19.580544294436717],[100.167734622684492,19.582262335094512],[100.167393113037846,19.583527368588999],[100.165500287872092,19.583606075749998],[100.164525740496188,19.584609337274539],[100.165028550493275,19.586267698954337],[100.166436764732197,19.587056167217259],[100.167706181424194,19.588044915644101],[100.168336340883968,19.587907904895697],[100.168891578614918,19.58710673481875],[100.169873312046803,19.587100368014124],[100.170060942164582,19.588016206429497],[100.168870426457147,19.589034336181896],[100.16733295293264,19.589775404346231],[100.166500069750242,19.590977152650538],[100.167208990227394,19.592035992943423],[100.168615347216829,19.592558595964768],[100.169812774094297,19.593281936196799],[100.171005885315566,19.59340711812369],[100.17155813163896,19.594441234682254],[100.170743641686258,19.595934461185134],[100.171101491474687,19.596929099256013],[100.173069410021142,19.597514479172595],[100.173285575368595,19.59831064170011],[100.172519456669264,19.599046733092862],[100.16943906476142,19.599797853900025],[100.1682588593915,19.601467113674758],[100.168620067909458,19.602926983747729],[100.169747443208905,19.603650774477494],[100.171357568621659,19.603241529760634],[100.171849446420168,19.60337125977788],[100.172075724915558,19.605563103632765],[100.173869387673889,19.606282531037909],[100.174512637416512,19.607939939922122],[100.175845641649005,19.607997708442117],[100.17599267065026,19.608927244842622],[100.174873919459358,19.609399792769914],[100.175584429490527,19.610657973546736],[100.174536764555583,19.611262983968043],[100.174893228268616,19.612058227329975],[100.176156284913503,19.611931399152297],[100.177200893572433,19.611112664640505],[100.178035241476124,19.610110250637003],[100.178807194884627,19.610171664585835],[100.179374562681247,19.611031981926068],[100.182155081041671,19.610851502850277],[100.184082363783176,19.610497881805916],[100.186142968722407,19.610484324871617],[100.187647763892272,19.610505406327107],[100.189609558544319,19.610399471565948],[100.191928852402441,19.609981185212707],[100.193365938636205,19.609692702023992],[100.196164283634133,19.609922113896996],[100.197997754316901,19.610157901440793],[100.200121920373675,19.609895790475832],[100.201169027338167,19.60995080417835],[100.202286157468848,19.610625272870983],[100.203204973899034,19.611022091249986],[100.20447988949671,19.610920581450113],[100.205719784807883,19.610509333197079],[100.208798391931992,19.608845892639216],[100.210068416027042,19.608093453458299],[100.21163673767704,19.60786593778538],[100.214347735713545,19.608288075518285],[100.215536805282397,19.608893539700212],[100.216428759494988,19.61006537833611],[100.217447592169577,19.610709417435196],[100.218954013070444,19.610947199829141],[100.220783772188682,19.610686838211048],[100.222824483257781,19.610208052662287],[100.226862345401145,19.607824884859667],[100.226946678611199,19.600131642506572],[100.229563771373606,19.59871330478278],[100.231334041546774,19.596428794114662],[100.235476583189552,19.593933761198773],[100.242938284412261,19.592497780895805],[100.249675534544821,19.590940024720666],[100.252467780860201,19.58964213366508],[100.260463883752706,19.589701609362422],[100.262141888685349,19.590862214339396],[100.268627156376212,19.590565962310219],[100.270580663286111,19.589088472563965],[100.279102947499524,19.583579886429206],[100.280445807531549,19.581982391119844],[100.287281723712468,19.582378718409664],[100.286892483425746,19.578756062093877],[100.288815011067413,19.573946823913715],[100.289463921861966,19.569241545374904],[100.291554681974645,19.565754759609199],[100.292057843790715,19.56363010938826],[100.291623263354381,19.558058405314629],[100.294415985734034,19.557159715220152],[100.297398634531845,19.554538385436214],[100.299588839729665,19.55369364211548],[100.307401568992802,19.553406841817033],[100.314527332833535,19.548403762052953],[100.320921126743784,19.543394480341718],[100.329900768004492,19.548343166167125],[100.332685741858953,19.548074167955477],[100.337278674110024,19.54839485190821],[100.342260613045553,19.553254985046479],[100.345205753300391,19.555916525422575],[100.347974884167229,19.558175001171168],[100.352285908120407,19.563374131322757],[100.357153155094878,19.567660924835579],[100.368963625595541,19.566936997210423],[100.370787446068903,19.565628871019147],[100.372618176797701,19.563803414537368],[100.378477993769124,19.558504840009657],[100.380545919540708,19.556851425092535],[100.390448654544102,19.559332354378874],[100.392439869703736,19.560206959930543],[100.394370437227863,19.561023282886662],[100.400908666409265,19.561469584742355],[100.403037364973201,19.560048103188258],[100.40551704423288,19.559606425192239],[100.411834050575806,19.564413444820058],[100.414313814651592,19.56466056149576],[100.420577777604194,19.568665809303198],[100.431503383971545,19.57235606848883],[100.443077429528245,19.570535938109618],[100.45018017545793,19.568111851367817],[100.452492298236479,19.567325290551551],[100.458977100894685,19.565642185341229],[100.463105117980419,19.563892144615416],[100.466568948791689,19.562418457169574],[100.469177770966155,19.561918394472084],[100.471352207200212,19.561932303805072],[100.473648768446296,19.562405965323883],[100.486915227229616,19.565192555348613],[100.48553073624457,19.563198486442758],[100.485067181963572,19.562895118912095],[100.484421369315825,19.562511918611236],[100.483510307393487,19.562112861679868],[100.482634259317649,19.561160114105455],[100.481768200513372,19.560125966484829],[100.48144002187648,19.559674661946886],[100.481993511731332,19.557308732462815],[100.482130185148193,19.556649117839736],[100.483027848943038,19.555799251942283],[100.483549599988123,19.554945695212986],[100.48334508198117,19.553170133686475],[100.482953823193114,19.551566795995026],[100.482946483158372,19.550763580398073],[100.483093089451444,19.550382789150252],[100.48344194855963,19.549892708022629],[100.482666080402737,19.54935096201433],[100.482497697186517,19.548499716583571],[100.483778835750329,19.548093332557848],[100.484417870801011,19.547722669508982],[100.484956646892158,19.546926515109639],[100.485361928968388,19.545583339742535],[100.485516947758697,19.544973045406206],[100.486056824974966,19.544298683150032],[100.487044675185331,19.543437926405311],[100.488352522174281,19.542583806558053],[100.488830399082246,19.542300688276139],[100.490457029147265,19.541793706088328],[100.491215671339688,19.541002662668379],[100.492840522057918,19.540806621504142],[100.496353521422805,19.539955762159885],[100.497510513327384,19.540088214241266],[100.498869910265469,19.538960923103634],[100.500429585077171,19.538663899863117],[100.501174317095121,19.538191015474489],[100.502062097100861,19.536986455311382],[100.502850086967513,19.535407333935012],[100.504380988501936,19.534319161174409],[100.507084004488505,19.532693634408531],[100.50865369451104,19.531178990002875],[100.509442913657324,19.529741872263411],[100.510706164853815,19.527499289060742],[100.511097665690457,19.525872722833522],[100.511505615008119,19.524864899221171],[100.512631661942777,19.523982960588501],[100.513419277864642,19.52352996332402],[100.516754141055003,19.523136775234516],[100.519489810798859,19.522748563428376],[100.52080817102896,19.520698221718586],[100.523382967161325,19.51913442324572],[100.524775092150975,19.519264896893947],[100.526152326455076,19.520064751454974],[100.527160348294544,19.520299733332969],[100.527887329539809,19.520232718540136],[100.528293140184218,19.520148124713373],[100.529601318192633,19.520441428618994],[100.529738125546714,19.520589655322524],[100.530767734778721,19.521588146646899],[100.531006178947834,19.52191078427941],[100.531770434196019,19.523527593276651],[100.532353946407213,19.524131379030337],[100.532783461643902,19.524251233189812],[100.533412920872749,19.524483789772653],[100.535666400220919,19.523988872369316],[100.539796986933823,19.523002161529178],[100.541667892592415,19.521856221031506],[100.543720153302232,19.519995032796608],[100.544782994117966,19.519629114929682],[100.54559664924362,19.519443741492477],[100.548894790239345,19.51998051644167],[100.550264974613327,19.518957727488239],[100.551813079630307,19.516862882924563],[100.555539180862098,19.512965109917637],[100.556342543073441,19.511709261060975],[100.556773585221464,19.510872926517035],[100.557834054283248,19.510269064448671],[100.560083819843641,19.509417050981071],[100.56377084896279,19.508017334617115],[100.566024555000268,19.507581528023316],[100.569757556290782,19.504456580641307],[100.572058965334122,19.502473992379667],[100.573238417149298,19.501214810313058],[100.573262794822298,19.500137911025302],[100.575396883286245,19.499216151363264],[100.57819773351477,19.49953044545186],[100.580096980459132,19.49894937740083],[100.581083488308948,19.499392357626036],[100.584195696253317,19.501115073368346],[100.587118384946464,19.501710406290584],[100.590037230517225,19.501910579244672],[100.593787193803507,19.501877589257724],[100.595868289119778,19.501633450744599],[100.59866143245263,19.501157202940671],[100.598756078626707,19.498672605074418],[100.599817286899736,19.494598890179059],[100.601214684642414,19.491425383584286],[100.602429590077406,19.487858339935361],[100.603646670770985,19.484517067329403],[100.603800766626307,19.482031941513455],[100.602701164624875,19.47916276884181],[100.601321787701039,19.478102434135934],[100.59880778693821,19.476656960703703],[100.597022925170734,19.476729154301513],[100.595122347885507,19.477141045415767],[100.593632838938518,19.476984807455146],[100.591991789389439,19.476547641867892],[100.58935665728076,19.474877296802052],[100.587684781370314,19.474327461445039],[100.585429315965797,19.47496815863558],[100.583584942715461,19.475040739720747],[100.580638661741872,19.471961738143374],[100.578474888295275,19.469779062112423],[100.57678617034783,19.467479323805197],[100.574678748724324,19.464957405239993],[100.572819293509525,19.464193022492129],[100.571329310749718,19.463236527620563],[100.57057130508376,19.461775398694193],[100.57031587667457,19.459971212889442],[100.569524884384435,19.458171663375925],[100.567963571405528,19.456717472609483],[100.565742834319266,19.454760911197003],[100.565320871238498,19.454200053386241],[100.565290005571072,19.450982663257502],[100.564974615127852,19.449122530686637],[100.565035726392665,19.446186595596537],[100.564816634045712,19.44195472271414],[100.565034623263671,19.439864185401849],[100.565268023259677,19.43735732600198],[100.56475659309416,19.435689267694066],[100.561278620582542,19.432896708292148],[100.557650944189035,19.429992458040331],[100.553216965960885,19.426756323756202],[100.550133911052981,19.424826011316693],[100.547339760963808,19.421895305130921],[100.545026235434733,19.420196780084119],[100.542900339629711,19.418037978065009],[100.540026013712222,19.416086594770977],[100.537135274422994,19.41554657337937],[100.534266882364435,19.414216002227459],[100.5314543265212,19.412489754656363],[100.529058270656392,19.410759954551228],[100.525585631007587,19.408418199537881],[100.523378679151335,19.407815753628604],[100.522032392316959,19.407021356396726],[100.520509795377208,19.406579116081041],[100.518825618304291,19.405948634598747],[100.51748548118367,19.405789210564375],[100.515647466368591,19.405804550861689],[100.513094433441864,19.406280817418033],[100.511458997016973,19.406597755117172],[100.509455192232096,19.40596984304398],[100.508607354291911,19.405028987752701],[100.507595857011978,19.403672411039764],[100.506233496561208,19.40326663320327],[100.50506848270274,19.402593799071767],[100.500522836195501,19.401474950461093],[100.497592507914192,19.400020395491925],[100.49663426234649,19.400104120593053],[100.493987139053232,19.399026332468129],[100.493108115505791,19.399033555381774],[100.491787851491495,19.398854815432983],[100.490550263253709,19.398978716758663],[100.488475326564085,19.399299049558046],[100.488150164339217,19.398695053568044],[100.473033745966333,19.402572490123561],[100.460170370335163,19.40065245518581],[100.445331164861244,19.395731762717094],[100.432711717811188,19.401334027695395],[100.420108019591098,19.404809824202705],[100.404909913491906,19.399881811683411],[100.395296378425812,19.399472480709324],[100.38974971004447,19.397425578312216],[100.385828215977227,19.396479710609835],[100.39029169039658,19.39116905618479],[100.386766960770274,19.385688991021059],[100.381700908105842,19.38404473069804],[100.37565830845621,19.383659097890742],[100.370439681589019,19.386092845380034],[100.369310247223865,19.390792929841862],[100.363969755953747,19.393281636562687],[100.35770568488654,19.397374087471405],[100.356149643957849,19.388058982325976],[100.358194222348686,19.375265501167934],[100.354021366205899,19.368515565681438],[100.351121888997056,19.361661194645972],[100.348535511053313,19.36014887247628],[100.342355597767423,19.368028228153779],[100.3398072686756,19.376052366515616],[100.332620544346071,19.375427487707434],[100.324998490628701,19.368939232504182],[100.319039846865152,19.365677792519939],[100.312669492746437,19.362242920903981],[100.310990833433905,19.353215004548684],[100.312425289576794,19.348228374162488],[100.311288406101028,19.340639959634522],[100.308778387015778,19.336829202637432],[100.29763202922959,19.339906443258815],[100.292588405430891,19.342797523413083],[100.290741990648328,19.340495157642192],[100.290734857563265,19.340486262952894],[100.292405526980502,19.33619156482305],[100.289933596292528,19.335425239414889],[100.285020505080254,19.337056981994131],[100.279359024317813,19.335115753256325],[100.267464449562553,19.340369490476139],[100.25963643277781,19.3436404577477],[100.25536423145023,19.348088378733248],[100.252289186368202,19.353119817767819],[100.247009564127055,19.349001888512287],[100.239929683819327,19.343204115930249],[100.235099613132562,19.349254704199559],[100.230079419521445,19.362767703631903],[100.22474629893928,19.370023199791703],[100.221762826132419,19.371952048595617],[100.218138478599158,19.384617327762758],[100.212371035554867,19.387389171444738],[100.213041959894866,19.392562171357305],[100.207762197243895,19.401709859117123],[100.204351614825853,19.409837547382566],[100.208066980991603,19.41388799310652],[100.21456762373748,19.416982294461217],[100.214040677157172,19.421286810588814],[100.21182810534664,19.424888762265223],[100.211958128474819,19.430862749315619],[100.207944478618018,19.432669535547337],[100.206274050015139,19.436850622441213],[100.207570800382186,19.440420135142897],[100.209272228607958,19.446293296997901],[100.209508373031966,19.45301427082515],[100.207311115315321,19.461325926300589],[100.199261588489293,19.46781051032368],[100.205678343764035,19.467575928772668],[100.206372265787749,19.471314338448419],[100.203122149653211,19.475304867359807],[100.188458114281474,19.478293077878789],[100.181980624618276,19.478757876994941],[100.175853784153603,19.480374486168678],[100.168995128032563,19.481927849657374],[100.163204028119111,19.480731749567472],[100.15574995364517,19.481475219101473],[100.146434215333528,19.481859709183265],[100.135768042487314,19.483036053683261],[100.132525836765126,19.48674072084685],[100.13305178400455,19.48898509597683],[100.13196873175778,19.494318496516549],[100.132533326236342,19.498690567207813],[100.131480422473601,19.500746027121128],[100.130427149516393,19.502923467654071],[100.130574958891515,19.503022097479704],[100.132946312800826,19.504604413950119],[100.132952688346705,19.504608668029231],[100.140109126121089,19.503117991103061],[100.144732691418156,19.507060034528649],[100.14531226797186,19.509019392130774],[100.145396130557685,19.512809373873662],[100.145533165227675,19.517635872940748],[100.151103088807346,19.517451416732683],[100.152865155426795,19.523035587019169],[100.156474232609014,19.525077207331709],[100.1529719491717,19.530448741448254],[100.151949595482307,19.536296871741268],[100.151667193073266,19.540488998530158],[100.154342108039543,19.546020416306003],[100.158237691247152,19.545160248132074],[100.159355906000059,19.543124656596813],[100.161619566523797,19.542871477960873],[100.16314006528593,19.544293517927215],[100.162646900429351,19.545728515815064],[100.163666574885568,19.547511727958106],[100.162553516331798,19.550263222211541],[100.162042671663571,19.551260149542994],[100.162887783388882,19.551786426779987],[100.164215080736355,19.551113228487985],[100.165267660665322,19.551239369021427],[100.165485145387919,19.552234934623463],[100.164654333023194,19.553702516208265],[100.165153689576883,19.554895657418179],[100.165483603875018,19.555537825628953],[100.165162757657328,19.55615842597981],[100.16446308317127,19.556362333607762],[100.163548308248323,19.555902978856746],[100.162637824475155,19.556041773233733],[100.162435111660386,19.557106512458169],[100.1630761166588,19.558498140952192],[100.16406340178186,19.559289352731746],[100.164761657685474,19.558886061581678],[100.165244801670539,19.557819510785414],[100.165803303708003,19.55748358244724],[100.16650967126148,19.558210129855489],[100.16680158953595,19.559803392114645],[100.166531656349434,19.561267356088294],[100.165206198748976,19.56220642026479],[100.165141337495172,19.562937948815883],[100.165777135886557,19.563598488749115],[100.168030347995895,19.564913211084679],[100.168736280300408,19.56557328566393],[100.16797172222725,19.5665087374982],[100.166920476151418,19.566582002294918],[100.165935520846418,19.566123116812573],[100.164677749865831,19.566729418694226],[100.164057210544613,19.568195641718251],[100.164066925508621,19.569258760778329],[100.162872869021442,19.569266709939768],[100.162101113639508,19.569205217120373],[100.161971360591664,19.570668272550876],[100.164101511298568,19.573043053248419],[100.162598690972303,19.57412660743897],[100.162283279773945,19.5750529215209],[100.162780309817236,19.575913757002532],[100.163833051220593,19.576039897352608]]]]}},
{"type":"Feature","properties":{"id":2,"amphoe_e":"Chiang Muan","province_t":"พะเยา","province_e":"Phayao","amp_code":5604.0,"prov_code":56.0,"area__km":725.0,"amphoe_t":"อำเภอเชียงม่วน","status_amp":2},"geometry":{"type":"MultiPolygon","coordinates":[[[[100.340336485646745,18.805673810171065],[100.339559313680212,18.808968741406577],[100.338308643575559,18.813338018595729],[100.336620621076591,18.813197127865674],[100.332836330502943,18.81207675404093],[100.33123887815438,18.813235610379454],[100.329833196884081,18.81324563622703],[100.327491175896128,18.811655884281603],[100.325797178668921,18.810749968191686],[100.324170925912242,18.811699500538513],[100.322588417265052,18.81130822103836],[100.320741561936742,18.811397801474463],[100.318018287982269,18.812411521730667],[100.316358353913188,18.812556664211066],[100.314240054829028,18.812055691049196],[100.312544336093609,18.810920171556386],[100.311177639959269,18.81077678706886],[100.309261107302376,18.812243693846721],[100.30703033056767,18.814630751833391],[100.306850204839378,18.816434723863356],[100.30292181726476,18.818331367244625],[100.300907145385509,18.817503959302524],[100.299140524453634,18.817592770273571],[100.297052262771501,18.818214113935376],[100.294405281683709,18.818161175861789],[100.291590289846965,18.817721705420048],[100.289664166213527,18.817964526762992],[100.287419051352813,18.818515521537329],[100.285894553451826,18.818755531886048],[100.283493399322424,18.819919538752092],[100.281245336128194,18.820087992513418],[100.277147373658835,18.819963105361797],[100.274086204389192,18.818836573232804],[100.272156578756864,18.818620251060985],[100.269790890367986,18.819171859307058],[100.268027657677337,18.819719343068709],[100.266822711583785,18.819727531816213],[100.263608375839908,18.819596341639681],[100.263502091613432,18.819597705329969],[100.263288172344346,18.819608014433115],[100.260797401509549,18.81969186436509],[100.257672496631372,18.820783941440872],[100.256173880416881,18.819111076256906],[100.254476740968158,18.817745526547061],[100.252400076317016,18.819365951805896],[100.251038992324155,18.819987075378201],[100.248710540046346,18.820155677645403],[100.24677583926379,18.819250637804899],[100.24428672881379,18.819420258459274],[100.241958272192818,18.819588776348251],[100.238827063184118,18.819839098289176],[100.238513023465316,18.820835669114267],[100.236664846675012,18.820771435183033],[100.235389606744675,18.822156867719716],[100.234114346077945,18.823542292530409],[100.230338711904338,18.823567243029856],[100.22793428516745,18.824348082987161],[100.227057282676071,18.825271845358696],[100.226014054943292,18.825431706192902],[100.22338383458478,18.822771511884984],[100.221925134475768,18.821021594168368],[100.219275839956225,18.821268432123265],[100.218624364297554,18.820048701598669],[100.216362430252019,18.818303982628748],[100.214031193701828,18.818089673276546],[100.212185234117968,18.818331178032977],[100.210504857689855,18.819260085640529],[100.207856656540329,18.819659752778659],[100.206387226320857,18.816379780917],[100.205495963786504,18.815314548206665],[100.203246433407216,18.815267288216958],[100.201263506475584,18.814941538015393],[100.199785324067534,18.814177267130386],[100.198922023815896,18.814182817479452],[100.197908773156513,18.814527857514143],[100.195878156087659,18.814637609339954],[100.195373747595426,18.815124457919548],[100.19481787015836,18.815514911797525],[100.193095686770235,18.816154635613326],[100.190464495445056,18.817525572226177],[100.188387806151681,18.818312601529886],[100.187785192979689,18.819283673190025],[100.186882618314755,18.820933715530877],[100.187195474442717,18.822092403653528],[100.187131410104413,18.823045170343384],[100.186236215638729,18.823802385835354],[100.186127525426244,18.826100913028878],[100.186119787834869,18.827963001194476],[100.186092360864578,18.829983685641736],[100.185540537026313,18.830840315063114],[100.184158300121808,18.830820491752657],[100.181841489165819,18.830348839381877],[100.180219900072686,18.830473549780208],[100.178842054269722,18.831083060884829],[100.17773143009353,18.831904998324735],[100.176728904410638,18.831811642348054],[100.175064520453006,18.830105589776188],[100.17347580477788,18.826310570464475],[100.172382332131022,18.824600894906613],[100.171272315429235,18.824836744931606],[100.169509454237385,18.826249664346889],[100.168404562750766,18.827229306860882],[100.167091664491494,18.827298214268556],[100.161868299880197,18.831389896426121],[100.160704222400071,18.832512911981212],[100.159155431227774,18.834496593592771],[100.159157440327903,18.83595825610654],[100.159576918681736,18.843061635513248],[100.158554319592341,18.847995085868511],[100.15612761894667,18.854932034730727],[100.15625723440597,18.85913088717577],[100.156463420273553,18.862468547135638],[100.156249566300843,18.865629217447349],[100.154517646047125,18.875217392813894],[100.153587026308657,18.877508237340912],[100.151694779722988,18.879559923188587],[100.146758459600562,18.878423600006705],[100.14269929289631,18.879941844557081],[100.13999097829462,18.878997216774199],[100.13291850959699,18.880369910939301],[100.131514757653463,18.882140557746368],[100.129805442010976,18.889312311331096],[100.129530672512928,18.891782051670877],[100.12736386103515,18.896939184875013],[100.122686675699086,18.899484141132945],[100.118528799078561,18.904565096923509],[100.113439369464217,18.911762691953417],[100.115903753413662,18.912819848261531],[100.120046930453512,18.914581859522333],[100.124273200743374,18.919795176525977],[100.118673401130508,18.924346077446582],[100.121045568678795,18.933165977061865],[100.125928353000816,18.938844017172055],[100.124310886170122,18.943257933184313],[100.122846454693885,18.94473973485773],[100.120954016036421,18.952083077099182],[100.125218915750182,18.95396165576285],[100.128514814489279,18.956579107751207],[100.128415305348383,18.960141166585025],[100.127225336288049,18.963525745305784],[100.12922421389591,18.968317521836816],[100.129842152028075,18.972630865303625],[100.126240701335959,18.976452581131912],[100.118321317004856,18.977243813393248],[100.119320352858978,18.984785393252452],[100.120320059602392,18.98744055049524],[100.118587823770653,18.99679686779243],[100.111889383536166,19.001798201673498],[100.112514529354996,19.004735775220041],[100.110202841871725,19.012132364324604],[100.110050300826472,19.015004579413599],[100.113437269039224,19.02481122402661],[100.115344946191343,19.022009754715288],[100.120266099048251,19.019293946299392],[100.124080660420518,19.018581769589982],[100.12733845492113,19.018611629417713],[100.131573044408157,19.012497553058672],[100.13738681865064,19.010939267745705],[100.139805396495419,19.010960520236878],[100.144863820340177,19.011753829243439],[100.147343154093562,19.012061507446592],[100.157795975718756,19.011465471387424],[100.161862577115883,19.015122222356599],[100.164685089703937,19.016353718304011],[100.166852215333449,19.017006472143144],[100.175686860440806,19.015186181102806],[100.17774713337694,19.014743849048784],[100.184697449859399,19.019289809288406],[100.191815841670646,19.020039227783343],[100.194593199994756,19.020064219825993],[100.199178467010839,19.026601522930527],[100.200795904521428,19.027824447294012],[100.209058307279136,19.028642547523429],[100.2106150080253,19.030322100480134],[100.215215683406043,19.034443966353123],[100.217268095268594,19.034864182840433],[100.219678719439599,19.035056109719488],[100.228864914121161,19.028520908949599],[100.232351689886443,19.030677624702935],[100.235372822784299,19.030241790623361],[100.236502336358001,19.025996345834919],[100.24485633491004,19.02986413170299],[100.247992093835094,19.030233781988844],[100.250792190418181,19.022091506307998],[100.251181222228354,19.019565576563359],[100.257346152760775,19.019444677142978],[100.2589635746033,19.020780024831666],[100.263045513025162,19.02317154834164],[100.265807288435028,19.024745235433887],[100.275458263916391,19.02528653901469],[100.277808269105478,19.026341057342684],[100.280059131493019,19.030728215042657],[100.280509178505952,19.033431343642096],[100.283942334072805,19.040647503585227],[100.286284594999529,19.041586745029544],[100.29500533704929,19.045567066416208],[100.293669813966645,19.052168069309054],[100.294486364407916,19.054764661799123],[100.300955783055315,19.054468424394202],[100.303137873791442,19.053797933137588],[100.305373723864903,19.05370080967085],[100.313903129072216,19.058137835297792],[100.315032190140556,19.06010184693665],[100.315368121489598,19.068959010946244],[100.316130983088186,19.071320934540111],[100.323180746124734,19.072756861402691],[100.334060414518916,19.065944615702872],[100.336486596058634,19.064754670552411],[100.344512985875468,19.059530194373711],[100.348190289752594,19.059729251638611],[100.348953130074349,19.055942250089082],[100.34989929387929,19.051695344914862],[100.352485941230739,19.047115657672521],[100.354851169150976,19.045636795984258],[100.360665135030843,19.04390211262761],[100.363442105264298,19.044209167820192],[100.370972343443938,19.039897629785337],[100.372796278109618,19.038991812743379],[100.37514594324972,19.03941029853107],[100.386170587125306,19.042081461362645],[100.388764626853089,19.042100369836675],[100.393304423176446,19.041734111886985],[100.398095711740609,19.039066295937939],[100.404153373135003,19.036813409094545],[100.413003891675388,19.039867667996543],[100.421945690293683,19.039588954313494],[100.424173235585755,19.039951277041499],[100.434404364615489,19.03789784565582],[100.437311561853392,19.036711932093294],[100.44015726687087,19.036043731558795],[100.47847242845755,19.026792284265813],[100.469006008062493,19.018281968893639],[100.465928599295083,19.016021461152377],[100.463300751373467,19.015211393728897],[100.461326855594336,19.014257637590664],[100.460446082233304,19.013433708414322],[100.459699422205603,19.011293140126845],[100.458306113783038,19.010127040375096],[100.457209416529778,19.009581759638227],[100.456790231910119,19.007744114360875],[100.458626814113828,19.003774483235041],[100.45955628461742,19.003074998837047],[100.463514829064309,19.004032505398399],[100.466339572821724,19.003700956058076],[100.469431013736099,19.00299681103694],[100.47141116986181,19.003574339254797],[100.479308316353965,19.003214709906409],[100.483778777155479,19.003277778373626],[100.48688127545006,19.001473061182441],[100.491332646345938,18.999076842581491],[100.494959797654019,18.999047565948079],[100.496341736868942,18.997996526179868],[100.498809139338874,18.996085887006082],[100.503347992059872,18.992456802535713],[100.501032833998892,18.98916693335558],[100.500711862362095,18.986617137554866],[100.499494927985069,18.98388553306896],[100.498560908436318,18.979450025795732],[100.49695253700493,18.97738329934176],[100.494761535745269,18.976833797473773],[100.492560445562674,18.975149945869088],[100.490859556541068,18.973840174242266],[100.489727125337112,18.969406197439938],[100.488525614975359,18.968375983787389],[100.486338105449434,18.968204480698635],[100.484734179806566,18.966610264573053],[100.481505970033595,18.96673064276683],[100.480700276551403,18.965508139835901],[100.480066610851523,18.961259162980266],[100.479839555203213,18.958046811242362],[100.481403286880749,18.955103756769148],[100.482176837466312,18.953018309059193],[100.481971830226811,18.95197958150019],[100.480969188745888,18.950947716754534],[100.478973104637362,18.949923773414827],[100.475689713266519,18.949382730015795],[100.473802980599245,18.949492272286911],[100.472999091919277,18.948458780254622],[100.470902908101607,18.947341005495264],[100.468120437375973,18.947268522803469],[100.465527577954902,18.946154615987339],[100.462242640242593,18.945424269258332],[100.460393271660408,18.944115352244516],[100.459486039086286,18.94260993275326],[100.458778202445302,18.940386432084743],[100.456159391451862,18.937058502314475],[100.455549433324293,18.935456189054211],[100.453456791107328,18.934716312686479],[100.451772951360709,18.935296709430521],[100.450295121107445,18.936726300478817],[100.448127591269625,18.938823015364793],[100.445955124044403,18.940352532620992],[100.445071626025111,18.941588381053659],[100.443691400921935,18.942828093306009],[100.443004123954452,18.943778798693678],[100.441418684905742,18.944263806882962],[100.438251825500458,18.94570643189568],[100.435668049706663,18.945631918116],[100.433502739476666,18.946458026540661],[100.432476959854711,18.946494670014456],[100.43126375142154,18.94578613185697],[100.430087088917517,18.945823926413834],[100.428528813359065,18.94534776055028],[100.426898275691613,18.945245449081337],[100.426207862016,18.945681505029512],[100.424749163593376,18.948047456869858],[100.4240639568077,18.948592957043321],[100.422694409702117,18.947747354644022],[100.421271201801787,18.94718394218841],[100.419493005607592,18.947280138921307],[100.418204546864473,18.946776677000631],[100.415902341693908,18.94576047990687],[100.415152749893792,18.946340530363972],[100.4142500882093,18.946663297742141],[100.413220669775583,18.946269116087734],[100.410892663615257,18.945769947531669],[100.408523498543786,18.945759241816681],[100.407013184679471,18.945598408643065],[100.405471493620524,18.945294218218553],[100.404741231204113,18.944581838395727],[100.404639890121686,18.943290362184143],[100.405446978272366,18.942365318761052],[100.406643708310128,18.941121435852526],[100.40738801616402,18.939909695954505],[100.407575968118479,18.939076184150835],[100.407614987922543,18.938184982738779],[100.40739959668052,18.93588929523337],[100.405517175189033,18.934525172142187],[100.40424620740302,18.934104047872232],[100.403036795003331,18.933826031905532],[100.401942815976014,18.932915370698677],[100.401693749062943,18.931998321515756],[100.401563708040811,18.930879356581393],[100.401078516868495,18.930595854651969],[100.40026475522798,18.930716863590995],[100.399269704082798,18.930810519558776],[100.398485158489379,18.930816433990607],[100.397757140694353,18.930362453139239],[100.396698159722987,18.930025827104444],[100.39520594113678,18.930209352493907],[100.394239633563586,18.930130465316715],[100.39387444000414,18.929759892037655],[100.393960438573004,18.929213629212342],[100.393804088039914,18.928554319973898],[100.393075615795539,18.928042889396941],[100.391832757524639,18.927363013862777],[100.390769528471751,18.926509483113083],[100.390428823813309,18.925449517226383],[100.390570666940533,18.924357219143054],[100.390617949993015,18.92277744500543],[100.390512229795348,18.920940366158238],[100.390958650852141,18.920190386809701],[100.390994883586885,18.919098879471807],[100.390627822665294,18.918498577691658],[100.390108951856732,18.917784544683588],[100.389739998794198,18.916954520867698],[100.390321240003075,18.916088667043088],[100.390493252342111,18.914996142501394],[100.391178897713317,18.913985920888472],[100.391200519655911,18.912951955931891],[100.390836925591472,18.910944506353538],[100.390094780661954,18.908767587970996],[100.389592835924944,18.906445284467864],[100.388759272294735,18.904154174275959],[100.388615233924824,18.901997539474767],[100.388115442975348,18.901086287145066],[100.388308394943522,18.898873650684827],[100.38861941411362,18.896344246603995],[100.388347589455989,18.89447968350408],[100.387820135101947,18.893683901538719],[100.386458940353151,18.892282583832881],[100.386214480872425,18.890073208636728],[100.385511884290466,18.889015922056931],[100.383933028641721,18.887792855574798],[100.382289149128923,18.885995919361985],[100.381766182899639,18.884764978837985],[100.378045853108418,18.881748589330815],[100.375133952280578,18.879817387814342],[100.37324728170006,18.877821136123107],[100.372007107107237,18.875561641819644],[100.371156406552799,18.874821270802151],[100.370334650200988,18.874113340134716],[100.369065682175204,18.873687986013245],[100.36821733402499,18.873234753717771],[100.367791996767792,18.872864559104524],[100.366667750469318,18.871867722408606],[100.366325933156403,18.870635397145545],[100.365742109735024,18.869318695875506],[100.36600707480747,18.868512671526585],[100.366120752664756,18.867650323323424],[100.365949966912169,18.867048517368595],[100.363757273748746,18.864480055367665],[100.363322917876744,18.862989945174871],[100.365050750911522,18.85843997107122],[100.365180421979076,18.855825758362865],[100.365924009048726,18.854528032428959],[100.365824229134134,18.85338007771043],[100.364345850290405,18.851466864200997],[100.364056766335551,18.849286475176857],[100.363319924686408,18.847683706833639],[100.358480457650387,18.844129409281919],[100.356596476934655,18.842391384095606],[100.354710692436285,18.840423612005885],[100.352975286586499,18.838397291477882],[100.351096938319316,18.837348378560318],[100.350014601391024,18.835891637231658],[100.348009479693047,18.834068239050989],[100.347030683713584,18.832352271716591],[100.346869137806053,18.831003720848695],[100.348303187279043,18.829299026536315],[100.347527765590584,18.828500545919368],[100.3460719883888,18.827477235849187],[100.343982934662847,18.826458479555001],[100.341569017827581,18.826303560495614],[100.340088144538939,18.82591216579884],[100.339299290070215,18.825314766706743],[100.339050075817056,18.824311444080546],[100.339887631237005,18.8234439022246],[100.340093946166817,18.822839352084628],[100.33873009349027,18.821987623345745],[100.338357537738261,18.82064057414058],[100.338743198851333,18.819833715395802],[100.339579370584204,18.818793880498788],[100.339896976498153,18.817011112964781],[100.341864152949697,18.815989851762289],[100.345302941329692,18.814052673158951],[100.343840085782972,18.811921318638245],[100.342366910455596,18.810226106929978],[100.341793174527524,18.807040278552105],[100.340336485646745,18.805673810171065]]]]}},
{"type":"Feature","properties":{"id":3,"amphoe_e":"Chun","province_t":"พะเยา","province_e":"Phayao","amp_code":5602.0,"prov_code":56.0,"area__km":532.0,"amphoe_t":"อำเภอจุน","status_amp":4},"geometry":{"type":"MultiPolygon","coordinates":[[[[100.132525836765126,19.48674072084685],[100.135768042487314,19.483036053683261],[100.146434215333528,19.481859709183265],[100.15574995364517,19.481475219101473],[100.163204028119111,19.480731749567472],[100.168995128032563,19.481927849657374],[100.175853784153603,19.480374486168678],[100.181980624618276,19.478757876994941],[100.188458114281474,19.478293077878789],[100.203122149653211,19.475304867359807],[100.206372265787749,19.471314338448419],[100.205678343764035,19.467575928772668],[100.199261588489293,19.46781051032368],[100.207311115315321,19.461325926300589],[100.209508373031966,19.45301427082515],[100.209272228607958,19.446293296997901],[100.207570800382186,19.440420135142897],[100.206274050015139,19.436850622441213],[100.207944478618018,19.432669535547337],[100.211958128474819,19.430862749315619],[100.21182810534664,19.424888762265223],[100.214040677157172,19.421286810588814],[100.21456762373748,19.416982294461217],[100.208066980991603,19.41388799310652],[100.204351614825853,19.409837547382566],[100.207762197243895,19.401709859117123],[100.213041959894866,19.392562171357305],[100.212371035554867,19.387389171444738],[100.218138478599158,19.384617327762758],[100.221762826132419,19.371952048595617],[100.22474629893928,19.370023199791703],[100.230079419521445,19.362767703631903],[100.235099613132562,19.349254704199559],[100.239929683819327,19.343204115930249],[100.241676495815852,19.337703032386319],[100.239822991241454,19.335849776029107],[100.231727771265213,19.335039487589953],[100.23251104657308,19.333646832622971],[100.234428902846162,19.330236797230789],[100.234016887541628,19.32282350660677],[100.240433614854439,19.322011940632116],[100.245766449063595,19.320733183414834],[100.247612806597331,19.316957191866365],[100.249543439363393,19.31105269810913],[100.244240820932106,19.308888733777916],[100.245614209140541,19.304246297688646],[100.252824028645222,19.296146136384579],[100.261033555746252,19.29069305543112],[100.261384668747112,19.284896489442378],[100.265069775665793,19.278719958793172],[100.264902494007217,19.270794548442488],[100.268770698687277,19.263814771269448],[100.263147601258169,19.263887586796834],[100.253664122248779,19.264214890662164],[100.242792245962761,19.263385531909567],[100.243707506666198,19.268678785981912],[100.230172408327391,19.269206344592472],[100.224747959754538,19.267957422290692],[100.227349743665599,19.260855897218146],[100.22231436150193,19.256620192500041],[100.221551775788285,19.248230992947203],[100.221185620884782,19.242138758639477],[100.216531869765461,19.236014067694306],[100.21267142679433,19.228975879803553],[100.206926063189101,19.230558973373729],[100.20157760157413,19.232694995928718],[100.195237805019062,19.231783199836105],[100.194543627737758,19.229187640833118],[100.183641100367169,19.225068005435862],[100.182641606842296,19.222646045469531],[100.172738166326354,19.215370226303801],[100.169724620642,19.214944464577083],[100.162920118537244,19.212721947704779],[100.16213331008619,19.212464936278227],[100.160523430703506,19.210091883510113],[100.153214359906357,19.203876029209002],[100.145562532940104,19.201565583726051],[100.139817676387082,19.190936527883785],[100.137726837784641,19.188559455699288],[100.135636448309299,19.180776492573347],[100.135789142776375,19.17773263176062],[100.132089340679215,19.16844148509362],[100.131333713182016,19.165272194490601],[100.12992281503314,19.156289902150654],[100.131021224166759,19.149860689951289],[100.129052870497091,19.147656672111484],[100.123445399734081,19.146688017028911],[100.117929164241431,19.148316540838643],[100.117814527147928,19.152207321721839],[100.117425428029392,19.154789522435472],[100.117211863076975,19.1582878283822],[100.11815005814428,19.161343129352154],[100.121216729824994,19.168203225147952],[100.118668352179725,19.175533552554924],[100.120583449417424,19.183189057401059],[100.120736266668416,19.185833459769988],[100.117416896419968,19.191435794808619],[100.118027160821541,19.197127114029712],[100.118339960615899,19.201896294460269],[100.115921222967586,19.207906517851114],[100.111923239076233,19.215053562276445],[100.110992656582866,19.217858154808724],[100.109931806595654,19.221011424258105],[100.108810486130679,19.223930114439661],[100.10794815313082,19.225932321861062],[100.107849169833045,19.229436687521261],[100.107215752032616,19.232243983147583],[100.107467063218039,19.237359179645644],[100.107390942809431,19.239485392118375],[100.107306861425613,19.24166586915532],[100.10758119544704,19.249941306939334],[100.107070458252451,19.25251969465792],[100.106925285011286,19.254989694734967],[100.104766032930684,19.259507258137258],[100.103468862816527,19.261966139013886],[100.100386373957079,19.268429733959245],[100.096312156017134,19.270408275808375],[100.09622802588396,19.273049590845087],[100.09757838067749,19.27685247457319],[100.101408717653186,19.280274449495401],[100.105665984938867,19.284100377229993],[100.104307638049406,19.292360811375001],[100.101065086416412,19.302442085876791],[100.097684730006392,19.302356269465523],[100.097651886294059,19.302362358446036],[100.095014888457271,19.302851217705637],[100.087301421231544,19.300545672486216],[100.074636182545149,19.304226090422116],[100.073522399356094,19.306283851712898],[100.073918806845427,19.308872636709605],[100.075200438525059,19.31365424822809],[100.074086468424412,19.316055387924877],[100.071133922621655,19.321142026333089],[100.072194287728209,19.3237359465281],[100.075863782293951,19.325663882584347],[100.077412885954033,19.327744341380296],[100.079190310412457,19.331610326152287],[100.079342704284258,19.334250229055247],[100.076237468394581,19.336120993066341],[100.070302122990512,19.337561059075515],[100.07093534236553,19.340326913592293],[100.071637223421774,19.342396578801623],[100.071499383893951,19.344523137645929],[100.068821801637895,19.346050155851344],[100.066219643331706,19.346372630370468],[100.058391850037836,19.349120078769463],[100.05643853045359,19.350423586262952],[100.055286547693058,19.357076353045993],[100.058559296067614,19.361701934948982],[100.058872207151737,19.366297248664033],[100.057132637416615,19.370879642318062],[100.057895803143424,19.373412101140776],[100.056659539156726,19.375585695305475],[100.053424545782846,19.379002037726121],[100.052020786001918,19.385597500133169],[100.052233977221533,19.388582706900273],[100.052447527044876,19.391344266047199],[100.053141757083267,19.394164034115164],[100.052936039180238,19.396232237425764],[100.051501331384273,19.400810557357627],[100.052264458363382,19.403232337447623],[100.056002722667898,19.409755051244066],[100.05604108010364,19.411824094170928],[100.056277496765915,19.418199940948625],[100.054728503162892,19.421405459149742],[100.054041525708243,19.423521633355882],[100.053322274535589,19.431465219626261],[100.054404408390383,19.431650714709804],[100.055004339549086,19.432648186483362],[100.055865214446086,19.433206219398485],[100.055046804521865,19.434118095729449],[100.056143742862588,19.435488032017549],[100.056863847008998,19.434670562973384],[100.057717650093906,19.434133831279276],[100.058725492076803,19.434472034134689],[100.059323228804246,19.435125423975858],[100.059913663733866,19.434652778868745],[100.060405994775948,19.43430582461021],[100.060202688334854,19.433462455668376],[100.060461378115306,19.432678947643108],[100.061152947309537,19.432549786610071],[100.06201465450863,19.433232904087347],[100.06238241716855,19.434012748433606],[100.063042240540852,19.434071444957649],[100.064027697855991,19.43350263356826],[100.065570587560714,19.432461348086907],[100.066985048937156,19.431952562164483],[100.0681336942109,19.431132531640582],[100.069392907326204,19.432094792107456],[100.07240212985586,19.434686373771868],[100.071935662627766,19.435207772549489],[100.07114518001444,19.435337558545079],[100.07055559716855,19.435935353038442],[100.070329513573697,19.436656121527079],[100.070137751537615,19.437615998209345],[100.070077629519048,19.438471834250805],[100.069826528940084,19.440001362643969],[100.069046084936275,19.442075088856825],[100.068212246807121,19.443143512320272],[100.066933264781653,19.444214550594801],[100.066163509794023,19.445001070440725],[100.065542126643734,19.445786715867563],[100.065150326325082,19.446383332745224],[100.065022106410225,19.446947121806858],[100.064959424606769,19.447447966458377],[100.065096012808311,19.448166599678974],[100.065928524472568,19.449412900741617],[100.066596996154416,19.450785281066494],[100.067220313582922,19.452814798840684],[100.067704175090981,19.453687783904943],[100.068402993249208,19.454653340319407],[100.069475715738122,19.455469628232361],[100.070261077865439,19.456394048342869],[100.070369648566626,19.457863554127204],[100.069820140883365,19.459555901695829],[100.069797011609879,19.461057464214996],[100.070002255737094,19.462182322311964],[100.069847427313036,19.463715941379469],[100.069234609628623,19.465815296867316],[100.068189380190688,19.467354164920007],[100.066504337752491,19.469397268992431],[100.065622316080635,19.470684925434117],[100.065864002500064,19.472341328376839],[100.06732826761052,19.476868263489603],[100.066907316659382,19.478059370555378],[100.067211713158528,19.479214925397681],[100.067846325663439,19.480431092418257],[100.068879175024833,19.482020262853478],[100.069282741562446,19.483206507209065],[100.070015301771747,19.484265688383797],[100.070150718543317,19.484796641937379],[100.069593498625437,19.485429823418002],[100.069318326914541,19.486115302878876],[100.069429798438236,19.488022701650358],[100.069373282627168,19.489461897817289],[100.067193010081226,19.493979026715813],[100.067261143954482,19.496825069784343],[100.067072879988245,19.498296321177818],[100.064783249979897,19.501250088606316],[100.064883722367142,19.504002102884275],[100.065287527967214,19.50521963050058],[100.066547378679587,19.506559248878492],[100.066850957444117,19.507212312743889],[100.066067911968972,19.508530670450501],[100.065122176412757,19.510194058379071],[100.064903864154275,19.510692950261987],[100.065248279841455,19.511819853862782],[100.066047951817211,19.513035046208472],[100.066621240227761,19.514939719609501],[100.066668999708156,19.517191565414297],[100.066714504749413,19.519099349002854],[100.066484125167193,19.521696909145547],[100.066099340258404,19.523388272818636],[100.06600857907182,19.524639989002623],[100.065984206045215,19.525953872645996],[100.066899832805206,19.527230931537407],[100.067829913824355,19.528195104663155],[100.068861239149854,19.5295027481679],[100.069429893173591,19.530688005002322],[100.069437922420079,19.531907857016208],[100.069115220844679,19.53300454767442],[100.068129567978104,19.53613832287758],[100.067579403982975,19.53776810635415],[100.066862419920014,19.53911735817135],[100.066968177489642,19.540148956101614],[100.067862876229995,19.540737980138154],[100.069022756641047,19.541513107235392],[100.070284718448065,19.542756813100358],[100.071150370997003,19.543940300649808],[100.073023776361012,19.545336755884776],[100.07411855470059,19.546237351751088],[100.075903100848365,19.546664642534232],[100.07659658625613,19.546754348634291],[100.077659645487586,19.547842786852247],[100.078326376435243,19.548871026067793],[100.079269667187816,19.549196680044439],[100.080110336365962,19.549204438987335],[100.081270333743902,19.549979481060305],[100.082235087916473,19.551162316236717],[100.083097741423174,19.551876568480612],[100.083676397671624,19.552060772772851],[100.084205817920932,19.551975697313164],[100.085719335476838,19.551641871336578],[100.086610183856479,19.551636513334948],[100.087734927453354,19.552067651922741],[100.091202581796878,19.553424174744489],[100.092826178875498,19.553538316320232],[100.094045084533363,19.553249422709445],[100.095298668876083,19.553210544251165],[100.096589262646631,19.553765736821749],[100.097268403457576,19.554168240535976],[100.098886206076031,19.554314798266429],[100.100402926014709,19.553762575196895],[100.101929291219164,19.553142346549933],[100.103549652671347,19.553315727632651],[100.105291262554033,19.553549443918175],[100.106578862536082,19.553358282040975],[100.108121308106377,19.552737903630131],[100.110565926867267,19.552111966596552],[100.115007371844001,19.551351495711678],[100.121122969326109,19.550397256832259],[100.129718587131791,19.54930513464247],[100.135127292624674,19.548660306090671],[100.137187656694763,19.548402979091016],[100.141951036791426,19.54763982757737],[100.144567376169832,19.54740944715709],[100.146579482047272,19.547167592923696],[100.15069734751512,19.546759585488978],[100.151702510516174,19.546514541333451],[100.152959383280034,19.546267885224793],[100.154342108039543,19.546020416306003],[100.151667193073266,19.540488998530158],[100.151949595482307,19.536296871741268],[100.1529719491717,19.530448741448254],[100.156474232609014,19.525077207331709],[100.152865155426795,19.523035587019169],[100.151103088807346,19.517451416732683],[100.145533165227675,19.517635872940748],[100.145396130557685,19.512809373873662],[100.14531226797186,19.509019392130774],[100.144732691418156,19.507060034528649],[100.140109126121089,19.503117991103061],[100.132952688346705,19.504608668029231],[100.132946312800826,19.504604413950119],[100.130574958891515,19.503022097479704],[100.130427149516393,19.502923467654071],[100.131480422473601,19.500746027121128],[100.132533326236342,19.498690567207813],[100.13196873175778,19.494318496516549],[100.13305178400455,19.48898509597683],[100.132525836765126,19.48674072084685]]]]}},
{"type":"Feature","properties":{"id":5,"amphoe_e":"Mae Chai","province_t":"พะเยา","province_e":"Phayao","amp_code":5607.0,"prov_code":56.0,"area__km":301.0,"amphoe_t":"อำเภอแม่ใจ","status_amp":2},"geometry":{"type":"MultiPolygon","coordinates":[[[[99.868774694737283,19.345184534516516],[99.868927606683016,19.337200011664944],[99.867996707459412,19.334206568378956],[99.867294993331683,19.332244455648361],[99.865174010458318,19.327284419222934],[99.859833637105552,19.324187537769848],[99.854477410302962,19.32212299763809],[99.848236581066487,19.323039973565223],[99.841889190519069,19.318266417574897],[99.838562244753092,19.318232039018994],[99.836548243763787,19.319477045032958],[99.832710774183099,19.322368253476956],[99.830818302538916,19.323782080869123],[99.825729579620457,19.319829064084377],[99.825096407671268,19.316949236254761],[99.831138960662074,19.312127867286438],[99.831223089551486,19.310058091085381],[99.822342228035325,19.309626158878764],[99.813522337081437,19.304193974290243],[99.811615148153678,19.301532120897011],[99.806846830111951,19.29608604962791],[99.797073341652464,19.294434585362904],[99.794166636344357,19.294980415969199],[99.791816431493459,19.294608819258666],[99.789161740271709,19.29412554869246],[99.786567713327329,19.293637459377699],[99.777603200528674,19.290158288729803],[99.775618985387624,19.289676480411039],[99.766753619851869,19.293091406512964],[99.764861213515388,19.294448081335773],[99.759055299886001,19.299675236294554],[99.757048941614443,19.300343251969071],[99.755049511729482,19.300839518338002],[99.746802170975386,19.303164269525947],[99.744955559222817,19.305501050734229],[99.743117117673862,19.307550862410817],[99.732015641082498,19.315647528583874],[99.730016974218444,19.316376222471433],[99.717107910686906,19.318593998736802],[99.715124200889591,19.317998576591187],[99.713254578971501,19.317230986443818],[99.701515092923458,19.317450795541951],[99.70410300751017,19.319992901480493],[99.70465794186741,19.32213987391502],[99.704747346271787,19.324135134990343],[99.70528635238523,19.324919780774035],[99.705938016835589,19.326049381972357],[99.706043696520965,19.327123529572532],[99.706217319613614,19.327545004520378],[99.707130779808395,19.328443324537592],[99.708085503030503,19.329533364385529],[99.708473192446661,19.330376152393402],[99.708365151951,19.332056389577374],[99.708090181582776,19.335309082823823],[99.706823480587147,19.336887454735731],[99.706766801664799,19.337808721913458],[99.707233048903319,19.338113929268502],[99.707861259659623,19.338476071909991],[99.708098356020429,19.339549705876593],[99.708283181600663,19.340220584457889],[99.708184509073732,19.340777433703195],[99.707238394034007,19.341702154461938],[99.707200088607507,19.344542197312421],[99.706819308443414,19.345311213548804],[99.705469598632988,19.346410186993868],[99.703999072302167,19.347624748513812],[99.702938587248354,19.347820727742555],[99.700631329325844,19.347196394566996],[99.700471653639283,19.347676720671693],[99.700257142637696,19.349519639828078],[99.700140841815823,19.350690584247893],[99.69958011691449,19.3519399896675],[99.699118338754076,19.352690113217509],[99.698463931782413,19.353306655003109],[99.696608124035677,19.354273185758419],[99.695759937878847,19.354487500921046],[99.695104291679542,19.354816208458786],[99.694746979278705,19.356371839253271],[99.69475201685826,19.357561506148205],[99.693742386893007,19.358082766292075],[99.692446607115826,19.359796150816646],[99.692047530628571,19.361044919498767],[99.692050618633871,19.364172630413403],[99.692743037210221,19.365359682732429],[99.692756388315956,19.366127170881292],[99.692924616437466,19.367661608331602],[99.69318988242577,19.368236252475757],[99.693780506059511,19.369250991083824],[99.694017804384373,19.370308245549431],[99.694417018986726,19.371551179069758],[99.694321372299854,19.372837170462979],[99.694509354958839,19.374256398676021],[99.694817027590304,19.375291400503169],[99.694853404520941,19.376337599216306],[99.694178152321967,19.376833003225752],[99.693819534052977,19.377455761337266],[99.693957452693851,19.378033771276133],[99.694806043714095,19.378480505235036],[99.695757242504712,19.379162542457742],[99.69616702126595,19.379953783027759],[99.695809496149565,19.380833667535637],[99.695133774380977,19.381221940863938],[99.694278781578092,19.381932304611436],[99.693237845019979,19.384057571207123],[99.692725412865613,19.385687993636306],[99.69141302642322,19.387707147555528],[99.690473717720536,19.389853439851603],[99.689748626023004,19.391934633373374],[99.688559896607146,19.393846162396432],[99.688676493877324,19.394724237448891],[99.688646678721554,19.395688575821495],[99.687795274284596,19.397277413673443],[99.687145734642158,19.398544076386639],[99.68742219673986,19.39985009210536],[99.687127832112949,19.401272723930301],[99.687201772206805,19.401728080178092],[99.687296424004671,19.404256500327953],[99.6870823479085,19.404735727115433],[99.686125788850774,19.405650612021027],[99.685457050100155,19.406496061400329],[99.685268216091288,19.407271354103663],[99.685453062498581,19.408409745932975],[99.685403632171756,19.410938709329603],[99.685362674953311,19.412624714747569],[99.68449658275928,19.415088410598358],[99.68351860523741,19.416641252875447],[99.682923461333473,19.417873706526574],[99.683016827632315,19.420105967980181],[99.682930011557517,19.422316124661766],[99.683134209613527,19.422338138442829],[99.68612797683727,19.420481531636749],[99.687927233060407,19.420087436193949],[99.689174595430799,19.419786544972748],[99.692321573752423,19.420116302915567],[99.694279109800931,19.420245521114527],[99.69536041309351,19.420423638297002],[99.696582877308316,19.419917756458748],[99.699680285364735,19.41988306938492],[99.700329673522802,19.420131165280434],[99.70122318704604,19.421312365614067],[99.702019687182911,19.422266119275339],[99.702644978243455,19.422491517938266],[99.703580466676314,19.422260079436555],[99.704888137494848,19.422027192042869],[99.705324579124337,19.423005109281245],[99.705761813047545,19.424165275436447],[99.706149945922974,19.42507503293762],[99.706727129724342,19.425277822434914],[99.707469936804927,19.424910423551225],[99.708234285047979,19.423973396404289],[99.709023723613839,19.423286866395923],[99.710474673770491,19.422871126169216],[99.711790772925312,19.421818017097138],[99.713418112652974,19.420558641793917],[99.713919871062956,19.419987129236713],[99.714566591147573,19.41962007987383],[99.715192186703547,19.419913778904391],[99.715991752266149,19.421550906158618],[99.71714791716694,19.422366482972294],[99.718419748453769,19.42217920339337],[99.719609663046768,19.42265887649463],[99.721124301960046,19.422897496082282],[99.723573524146687,19.422887754258056],[99.724512616309738,19.423476331604036],[99.725618889931496,19.423859201668229],[99.727110984464858,19.424605025661219],[99.728264788336105,19.42487378098615],[99.729560432342609,19.424640764591949],[99.731432568000258,19.424450981090644],[99.732897922533695,19.424581762330803],[99.734199798648874,19.425738362337299],[99.734554632796929,19.427217727580381],[99.735183058445216,19.428126445696382],[99.736916696808748,19.429167368012344],[99.738802012185914,19.429228050580377],[99.739719449549895,19.430317827659376],[99.740420368089033,19.431317356799706],[99.741334417095715,19.431655349076728],[99.741813852972314,19.431471138601935],[99.742221972807059,19.431446688973224],[99.742800048592613,19.431831610054171],[99.744817155650722,19.431823345403139],[99.745491603358388,19.432276206702582],[99.747100385670194,19.432246811420949],[99.747462876908472,19.432746511699708],[99.748034073638195,19.434247735947189],[99.748950346932332,19.435064090403664],[99.750636534634424,19.436196197812098],[99.752460660625388,19.436477960743368],[99.754364444203489,19.440030804414373],[99.755474267075058,19.441142477323201],[99.756674991105101,19.441137474468015],[99.75778282833096,19.441816293924617],[99.7596827345143,19.442400666292489],[99.762020291861731,19.442223788634156],[99.764687331243294,19.441855673036081],[99.765405952050983,19.441465359801711],[99.76670497972718,19.441938284678624],[99.767835698173641,19.442366349562256],[99.769505141587629,19.442450402946992],[99.771045087580816,19.44308174370649],[99.772484567161314,19.442779463570066],[99.773109055336633,19.44279958522149],[99.773901969893657,19.442887330464544],[99.774883867203926,19.442313606475789],[99.775723618709165,19.442150549102799],[99.778638608192168,19.444074476292904],[99.781336003602334,19.445680353158131],[99.782417232168015,19.446626338039888],[99.786153157755066,19.450884524095176],[99.792872192278566,19.4507802902184],[99.7957985644167,19.451067427800453],[99.799749678816951,19.45075009724324],[99.802188511215263,19.450882040213301],[99.803794259466542,19.450852024590173],[99.804557934780988,19.451181364010537],[99.805373814947004,19.451048652321468],[99.805808143141618,19.450814359754471],[99.808473762522283,19.450466862070229],[99.810814303808897,19.450430596737299],[99.813154199718412,19.450265213424348],[99.816578635822424,19.449268741027364],[99.818902955017393,19.448716082634423],[99.822654308355169,19.447795475762796],[99.825805550117423,19.446619344394797],[99.827463783378633,19.446224517486524],[99.829137714078229,19.446242693045136],[99.833409476747903,19.445990757398707],[99.837002937179477,19.44615494064919],[99.83941276318761,19.446376168899615],[99.841586598304332,19.445694829601848],[99.842673641953169,19.445379967803358],[99.844470031891746,19.445397433257039],[99.846702279027028,19.44549030127552],[99.84916828074789,19.446046771205339],[99.850966425505661,19.44639979727182],[99.852385303375897,19.447090220932907],[99.853855789690925,19.447238213441238],[99.855705411114343,19.447022954972983],[99.857364920624207,19.446886030122155],[99.858478339204325,19.446416042234723],[99.860748838767634,19.446018015417856],[99.863769402643314,19.445926205696658],[99.86524221098928,19.446512998828727],[99.866364645292293,19.447746899999171],[99.868064820466401,19.450139833248688],[99.869106475911224,19.451529009057605],[99.870461834224542,19.453045761924262],[99.872051048801382,19.455026099978845],[99.87417663420689,19.455506404733089],[99.875974511773791,19.455781725017019],[99.877416761772992,19.455723117028203],[99.878367157785945,19.455074737445635],[99.878932735910382,19.454192526640867],[99.87978656736162,19.45101279903021],[99.880362813725569,19.449357664574279],[99.880850897775815,19.449019663853402],[99.882920735903184,19.449267778902126],[99.884771168775103,19.449207127202698],[99.886209149508659,19.448373939327517],[99.88756069454665,19.4466633596154],[99.888921180786056,19.444100740674671],[99.889675054626366,19.442599615702129],[99.892018310052322,19.440600144461918],[99.894619479987909,19.438496102314229],[99.895402047860827,19.437278809086099],[99.896130894977276,19.433712363172219],[99.896825695791861,19.431385334394697],[99.898749009415354,19.427296618755783],[99.899803051064183,19.425974693129028],[99.900374510687612,19.425971860388337],[99.901385212408357,19.426663924884959],[99.904394870731423,19.429592178904837],[99.905791603350593,19.431185913318643],[99.907264985904547,19.431875633501903],[99.909309143292717,19.43243339458655],[99.912059421935055,19.432729408971085],[99.914387611561395,19.432975872699927],[99.914974306402925,19.430830051585556],[99.915504825963907,19.42837470004881],[99.916453501646046,19.425271795431094],[99.91721383543306,19.422557102361953],[99.918328906642628,19.420021336596623],[99.918804635858507,19.417514617281853],[99.919200462369773,19.415318112934926],[99.919687304827519,19.412372434307063],[99.908172958952036,19.400365514625481],[99.908508702759107,19.39726434486392],[99.906868223748603,19.392944086783562],[99.904876952498483,19.39211813673024],[99.901214968463009,19.390304183700039],[99.898658869008813,19.391200145359907],[99.894172772387066,19.386789876579936],[99.89273112295345,19.380860000442443],[99.894661120791739,19.376167371021719],[99.887397809362142,19.376959741591108],[99.888786829566271,19.371802167604184],[99.89295240511693,19.367076031852225],[99.895111848705028,19.363019343150921],[99.89331140893016,19.356508359765414],[99.891228499135281,19.353615589929586],[99.884842453103275,19.346202895997312],[99.881226058824268,19.350763533348445],[99.87126200707273,19.354744612614841],[99.868492720830133,19.348570065673503],[99.868774694737283,19.345184534516516]]]]}}
]
}
